0,0,0,0,1,0,0,0,0,1,0,0,0,0,0,0,0,0,1,0,0,0,0,0,0,0,0,0,0,0,1,0,5,0,0,0,0,1,0,0,0,0,0,0,0,0,0,1,0,0,0
0,0,0,0,0,0,0,0,0,0,0,0,0,0,1,0,0,1,1,0,0,0,0,0,0,0,0,0,1,0,0,0,10,0,0,0,0,0,0,0,1,0,0,0,0,0,1,8,0,0,0
0,0,0,0,2,1,0,0,0,2,0,0,0,1,1,0,0,0,1,0,0,0,0,0,0,0,0,0,0,0,1,0,11,0,0,2,0,0,0,0,0,0,0,2,0,0,0,7,0,0,0
0,0,0,0,8,0,1,0,0,2,2,0,0,0,0,0,0,0,2,0,0,0,1,0,0,1,0,0,0,0,2,0,21,0,0,1,0,2,1,0,0,0,0,3,0,0,0,12,0,0,0
0,0,0,0,4,2,2,0,0,2,0,0,0,3,0,0,0,1,4,0,1,0,0,0,1,0,0,0,0,0,0,0,26,0,0,0,1,0,0,0,0,0,0,0,0,1,0,6,0,3,0
0,0,0,0,3,0,1,0,1,0,7,0,0,0,1,0,0,0,4,0,1,1,1,0,0,2,0,0,1,0,0,0,52,0,0,5,0,0,0,0,2,0,1,2,0,1,0,10,0,1,0
0,0,1,0,3,1,0,0,-1,4,4,0,0,1,1,0,1,1,6,0,0,0,3,1,0,0,0,0,0,0,11,0,46,0,0,0,0,1,1,1,0,0,0,1,0,0,1,11,0,0,0
0,0,1,0,10,1,4,0,2,0,1,0,0,1,2,0,0,0,0,0,1,1,6,0,0,0,0,0,0,0,0,0,51,0,0,3,1,1,2,0,0,0,1,2,1,0,3,3,0,0,0
0,0,0,0,4,0,2,0,0,4,0,0,0,6,1,0,0,1,15,0,0,0,6,0,0,1,0,0,2,1,2,0,89,0,0,4,0,0,2,0,2,0,0,1,0,0,0,12,0,0,0
0,0,1,1,11,1,2,0,0,0,0,1,0,0,5,0,0,0,10,0,1,0,13,0,0,4,0,0,0,0,0,0,112,0,0,4,1,3,2,0,0,0,0,5,0,3,3,7,0,2,0
1,0,1,0,15,12,7,0,0,6,1,-1,0,7,2,1,1,1,19,0,0,4,20,0,2,1,0,0,2,0,0,1,138,1,0,6,2,2,7,0,2,0,1,4,0,0,0,17,0,4,0
0,0,0,0,14,-1,2,0,1,6,0,0,3,7,3,0,0,0,18,0,0,10,20,1,3,0,0,0,0,0,0,0,194,2,0,6,2,1,3,0,2,0,0,6,0,0,1,17,0,7,0
3,0,7,0,20,11,6,0,0,6,6,0,0,8,8,2,1,2,36,1,0,10,36,0,2,0,0,0,4,0,8,0,225,1,1,8,1,1,4,0,4,0,0,12,0,0,0,7,0,2,0
0,1,0,0,88,13,6,0,1,11,45,0,1,13,6,0,0,2,18,0,0,9,23,3,5,4,1,2,0,1,28,0,301,1,0,11,7,1,12,1,2,0,0,7,0,0,3,31,0,3,0
6,0,0,0,-56,3,1,0,1,8,11,0,1,19,1,1,3,0,15,2,5,4,27,0,1,3,0,0,5,0,51,1,318,2,0,19,1,0,7,0,1,0,1,9,1,0,2,10,0,7,0
0,0,0,4,17,4,2,0,4,5,8,0,1,7,3,2,1,0,34,0,5,8,56,4,0,0,4,0,0,1,2,0,327,-1,0,13,0,3,9,0,2,0,6,11,2,0,0,7,1,6,0
5,0,1,0,21,18,31,0,0,26,24,0,2,26,14,0,1,0,50,2,4,33,79,0,6,3,0,1,11,0,-87,2,404,6,2,8,7,2,13,9,4,0,2,11,1,0,0,20,0,8,0
12,0,2,1,28,7,16,0,0,0,27,0,1,42,16,2,1,6,38,0,1,33,77,0,2,5,1,1,5,0,335,1,525,2,0,17,6,1,11,0,4,1,1,23,0,0,0,85,0,11,0
0,0,18,0,38,21,28,0,3,59,25,1,0,22,13,2,2,2,36,2,17,32,83,1,4,8,0,0,7,-2,178,1,561,7,0,18,5,2,17,0,5,0,23,13,2,0,0,30,0,13,0
11,0,0,0,37,14,19,0,3,19,18,2,0,46,24,0,6,14,57,0,7,38,64,1,3,13,-1,1,5,2,109,4,569,6,0,22,4,1,13,0,3,0,5,22,0,0,0,29,1,19,0
6,0,18,0,19,15,34,0,6,31,17,0,1,34,14,1,0,3,43,0,11,24,67,8,6,6,1,0,3,0,190,1,645,7,0,19,4,0,38,10,6,0,9,19,1,0,1,29,0,16,0
1,0,4,0,50,14,24,12,1,27,9,1,0,31,11,7,0,11,64,0,13,15,90,7,8,13,0,2,0,0,72,1,750,4,0,23,4,5,15,0,4,0,3,33,0,0,0,28,1,4,0
4,0,1,0,29,10,18,3,2,14,18,1,0,32,4,7,2,0,36,0,24,28,118,4,8,7,0,2,0,0,85,0,801,7,0,20,5,0,29,0,4,2,12,20,5,0,0,24,1,10,0
15,4,4,0,53,0,68,3,-2,19,98,0,3,73,42,-1,9,15,71,5,12,95,122,4,9,20,0,0,14,0,238,1,1056,6,1,18,16,2,67,0,3,2,7,12,0,0,0,24,0,7,0
2,0,18,0,61,42,0,1,5,55,34,0,2,82,30,2,5,0,70,2,21,75,120,5,7,13,0,2,12,0,273,0,744,15,0,33,12,4,72,0,0,0,8,26,0,0,8,15,0,17,0
4,0,3,15,52,0,104,12,5,45,15,0,3,66,42,0,0,8,50,2,14,0,125,11,9,18,0,1,8,0,205,3,861,10,1,25,1,10,33,0,16,0,14,25,0,18,7,18,0,14,0
10,0,0,0,39,57,66,2,6,36,40,0,6,69,55,2,0,1,53,1,33,0,210,7,6,11,0,1,6,0,225,1,733,7,1,20,8,0,76,0,5,0,4,26,0,0,7,17,0,10,0
12,0,8,4,22,25,45,7,9,48,14,3,1,81,30,0,10,0,50,2,35,253,111,6,11,12,0,2,0,0,251,2,766,6,1,26,6,5,83,42,8,0,8,31,0,2,1,23,0,13,0
1,0,15,2,33,16,61,4,3,23,4,1,2,42,13,7,8,0,34,0,30,71,100,7,3,11,0,0,26,0,167,7,781,0,0,31,2,4,55,0,2,0,0,22,0,2,40,15,0,6,0
6,0,11,2,62,17,48,3,2,38,35,0,0,78,7,3,5,16,47,0,26,0,132,0,2,11,1,0,2,0,93,0,804,5,1,36,3,1,38,0,0,0,3,35,0,1,0,20,2,12,1
15,0,5,3,87,21,69,6,15,25,54,0,6,70,37,5,10,21,129,1,40,0,173,9,13,18,0,0,6,-2,362,5,739,18,0,35,9,2,106,0,15,0,15,26,0,1,0,17,0,9,0
4,0,9,1,92,26,199,6,5,72,27,0,6,81,49,10,4,0,89,4,9,350,153,8,11,17,0,0,11,2,351,5,663,18,1,36,15,3,87,0,9,0,0,44,0,0,15,10,0,10,0
15,0,8,4,82,18,103,2,9,72,42,0,2,123,40,7,9,23,53,3,8,0,80,0,7,14,0,0,0,0,361,0,655,20,0,34,8,6,74,0,5,1,12,36,0,4,37,21,0,11,0
15,0,5,0,68,17,65,16,5,57,56,0,0,60,46,4,2,7,57,2,15,135,237,24,11,13,1,0,10,0,322,8,384,27,0,48,0,6,83,0,5,0,5,42,10,2,33,19,1,8,0
5,0,39,1,104,22,49,10,5,23,23,0,2,125,23,10,3,2,54,3,87,156,84,10,12,7,2,0,10,0,231,9,409,10,0,35,0,2,121,69,3,0,1,23,2,2,0,17,0,16,0
4,0,3,1,32,9,40,4,5,26,14,1,1,31,17,1,8,2,29,2,40,301,90,13,7,6,0,3,7,0,294,2,445,13,0,31,9,2,239,0,1,0,6,23,2,0,0,24,0,9,0
6,0,7,2,40,27,204,10,9,48,86,0,1,59,15,4,9,14,32,1,29,0,84,9,10,21,0,0,1,0,134,3,891,18,0,43,3,1,77,0,3,0,4,21,1,1,20,19,0,4,0
20,0,18,1,89,36,92,5,7,45,25,0,3,120,59,4,7,17,76,1,42,267,108,17,14,18,2,0,4,0,24,0,523,27,4,38,21,3,254,0,1,1,5,40,4,2,0,16,0,7,0
13,0,23,0,124,23,121,13,15,26,48,2,3,98,32,7,3,14,69,3,58,0,241,19,10,20,2,0,9,0,630,13,452,20,1,43,6,0,64,0,16,1,0,28,0,0,165,9,0,8,0
6,0,18,3,90,44,93,14,12,94,32,0,3,124,40,6,1,6,68,5,52,0,168,21,8,16,0,20,18,0,276,7,556,16,1,40,9,5,56,0,10,0,14,51,3,3,24,13,24,5,0
7,0,17,2,83,121,128,16,14,59,18,1,0,106,35,11,5,9,61,3,45,0,108,21,8,26,0,0,5,0,257,6,485,13,0,48,9,3,21,0,7,1,-2,21,4,1,38,15,1,9,0
0,0,7,1,75,10,98,8,12,9,7,0,2,80,46,5,2,5,43,0,64,764,69,23,12,14,0,0,10,0,231,9,391,11,1,31,6,1,53,80,9,0,8,22,2,2,26,17,0,8,0
10,0,2,3,31,4,65,13,13,20,11,1,0,59,28,6,1,3,26,3,14,41,164,28,6,17,0,0,0,0,24,6,359,19,1,50,1,5,28,0,8,1,4,26,0,0,12,20,2,11,0
9,0,0,0,40,18,87,13,7,13,73,2,0,50,32,9,5,5,27,1,93,237,88,14,2,21,0,0,0,0,106,0,410,16,2,46,2,0,81,0,3,0,3,23,0,1,11,11,0,10,0
14,0,0,6,92,31,75,11,5,83,41,0,4,142,60,9,1,12,61,0,52,153,166,15,10,14,1,0,14,0,398,6,310,23,0,55,10,7,162,0,15,0,4,36,0,0,32,10,4,18,0
14,0,31,0,82,30,80,12,15,47,64,0,0,90,64,12,7,9,44,1,81,252,103,18,11,16,1,0,11,0,329,7,398,19,0,41,7,2,316,0,39,2,7,33,4,0,30,8,0,14,0
16,0,12,4,90,11,87,6,19,50,33,0,0,139,43,14,0,5,60,1,66,157,119,24,11,19,0,29,6,57,457,11,334,24,0,30,8,2,97,149,13,0,4,46,1,2,30,8,3,5,0
17,4,10,3,97,43,84,12,7,46,37,0,3,101,56,8,6,6,65,2,23,153,78,27,20,14,0,0,7,0,310,8,328,13,0,49,8,1,165,0,12,8,5,32,0,1,29,14,5,10,0
-1,0,0,8,60,11,98,12,9,50,8,0,1,103,167,5,2,3,23,1,86,132,155,24,10,15,0,0,9,0,204,7,261,12,0,42,8,5,59,12,11,0,5,31,3,1,36,12,2,7,0
2,0,0,4,42,10,0,12,11,15,7,1,0,60,21,9,2,5,19,1,46,155,35,24,12,13,0,0,3,0,129,12,256,3,0,43,0,0,32,0,8,0,1,23,1,2,43,12,0,11,0
8,0,0,4,45,9,118,10,7,20,55,0,0,41,19,4,12,8,22,0,28,86,83,9,7,12,0,0,7,0,39,0,304,8,0,29,0,0,127,0,8,0,9,26,0,-1,24,11,0,7,0
17,0,65,3,113,51,78,11,6,72,53,0,1,175,63,19,5,14,51,4,63,122,43,27,32,29,0,0,5,0,334,12,257,30,0,38,9,4,315,0,13,3,7,18,6,0,29,13,0,9,0
28,1,32,4,81,16,85,3,13,68,31,0,1,136,-60,12,3,8,51,1,56,212,74,31,32,15,0,0,13,0,305,7,556,20,6,42,6,2,161,0,9,0,12,30,2,0,24,13,2,4,0
26,0,24,0,70,25,79,16,8,61,27,0,1,138,31,12,1,11,41,0,49,132,89,23,22,24,0,2,8,26,258,3,205,21,0,40,7,6,240,0,11,7,-1,35,3,1,32,14,1,8,0
14,0,67,1,94,16,76,13,19,69,42,0,0,131,36,12,3,4,19,1,53,150,58,26,13,21,0,0,1,0,153,9,296,17,0,39,6,3,122,0,4,0,4,33,0,0,43,16,1,15,0
7,0,15,0,70,7,58,4,7,46,3,0,0,107,35,9,6,6,40,1,52,138,143,24,12,11,0,0,12,0,156,10,218,21,2,40,4,3,59,104,10,3,1,31,5,0,15,11,0,6,0
3,0,4,3,41,4,35,11,12,6,1,0,0,58,17,13,0,0,19,0,40,137,24,20,9,11,0,0,4,0,140,9,165,13,0,34,2,0,36,0,1,0,1,31,1,0,12,16,2,13,0
10,0,6,3,59,17,41,12,5,14,36,0,3,53,33,6,6,7,28,1,24,129,26,13,5,17,0,0,0,0,84,8,176,11,3,26,2,3,28,0,15,0,8,24,1,0,11,6,0,5,0
32,0,20,1,93,23,33,11,8,44,55,0,-1,142,35,18,4,10,40,0,70,34,90,23,22,11,0,0,8,0,191,11,204,25,2,39,4,0,81,0,9,0,15,36,5,0,42,16,4,10,0
15,0,33,2,79,52,82,16,14,48,21,0,0,191,40,17,4,0,35,1,70,174,40,24,8,21,0,1,11,0,183,12,194,25,0,37,0,4,176,0,7,0,7,25,2,0,36,6,0,6,0
23,0,29,1,106,27,96,12,8,48,28,0,3,135,29,12,1,7,36,3,54,168,75,25,15,12,0,0,2,46,232,11,139,16,2,27,6,3,181,0,9,9,13,71,0,0,28,8,2,10,0
10,0,27,0,82,64,66,11,10,42,41,0,0,131,43,18,4,4,31,0,49,111,39,20,13,15,0,0,17,27,202,11,251,26,2,45,1,0,133,0,9,1,3,55,2,0,22,12,4,5,0
2,0,28,0,67,42,55,10,7,47,10,0,1,72,48,10,2,2,31,1,48,112,56,17,17,11,0,0,2,-27,113,6,155,9,0,34,3,0,61,68,0,0,5,35,1,0,25,8,0,5,0
3,0,1,0,36,23,70,10,8,9,12,0,0,48,11,5,0,0,12,0,43,92,10,22,11,7,0,0,4,0,102,6,120,10,1,36,0,0,18,0,5,0,3,26,2,1,7,11,3,8,0
1,0,7,2,33,9,41,7,9,24,39,0,1,57,16,4,3,12,15,1,26,65,24,9,6,16,0,0,4,0,76,5,4448,7,1,38,0,1,15,0,6,0,3,12,0,0,5,6,1,7,0
15,0,18,2,116,33,22,11,8,55,26,0,0,145,58,12,1,20,18,2,56,76,99,17,27,15,0,0,-1,0,148,6,191,0,1,33,5,2,116,0,8,2,4,38,8,0,27,7,0,8,0
18,0,42,5,91,42,57,9,7,44,21,0,3,146,39,26,3,10,27,0,56,128,46,29,16,11,0,64,19,0,162,7,147,33,4,29,6,4,141,0,8,0,0,44,2,0,33,4,1,12,0
7,0,16,3,88,11,54,5,5,48,76,0,0,82,51,17,2,10,21,0,45,82,69,32,10,9,0,0,6,40,97,11,112,8,2,37,5,1,101,0,9,2,9,22,2,0,25,9,1,10,0
12,0,11,3,61,14,54,5,6,46,32,0,2,108,27,14,1,5,0,2,48,80,29,33,15,9,0,0,3,0,139,8,103,41,0,32,3,2,144,1,3,2,2,14,1,0,36,5,2,10,0
8,0,26,2,66,4,38,6,9,43,15,0,0,75,22,22,0,0,0,2,43,76,63,10,21,7,0,0,1,0,97,6,197,3,1,43,4,0,100,70,6,0,14,13,4,0,23,9,0,13,0
2,0,0,1,19,5,20,8,5,4,5,0,0,66,12,10,0,0,62,1,27,67,4,17,9,3,0,0,-1,0,56,9,90,6,1,27,0,1,25,0,10,0,7,54,0,0,12,9,0,8,0
15,0,6,1,14,1,49,6,8,15,21,0,0,29,9,0,2,0,18,0,33,44,13,12,10,5,0,0,14,0,9,3,116,6,1,27,2,0,15,0,5,0,2,16,1,0,37,4,0,14,0
14,0,3,2,28,19,26,10,0,7,47,0,0,38,19,21,3,3,11,1,30,57,27,18,17,9,1,0,0,0,47,5,34,11,0,20,5,0,18,0,6,0,5,18,3,0,28,6,0,16,0
3,0,24,1,103,40,34,10,5,60,37,0,2,160,22,19,3,6,21,2,50,73,68,33,18,-4,0,0,2,0,145,4,177,43,0,26,4,0,96,0,20,4,10,39,4,0,45,11,2,11,0
8,0,25,5,88,29,24,8,8,45,38,0,1,103,37,10,1,9,18,3,34,92,37,35,23,13,0,0,10,0,70,6,49,32,3,21,3,3,100,0,4,0,3,26,1,1,57,4,0,16,0
19,0,25,7,77,15,42,7,7,49,14,0,0,84,40,18,1,9,26,1,52,78,33,29,17,6,0,1,0,66,122,9,111,43,2,27,4,0,87,0,13,5,5,19,1,0,20,6,0,13,0
8,0,19,1,62,7,44,4,2,34,17,0,0,60,14,7,0,13,19,4,43,50,55,30,13,18,0,0,9,0,103,7,95,10,1,21,5,2,73,54,4,3,3,47,5,0,12,2,1,11,0
12,0,3,0,35,2,32,3,4,4,45,0,0,60,11,4,0,0,5,0,28,77,27,14,11,2,0,0,0,7,64,5,68,8,1,30,0,0,19,152,7,0,0,18,1,0,5,6,0,5,0
14,0,11,0,48,13,26,3,2,9,41,0,0,22,9,20,2,8,4,0,24,182,27,10,5,1,0,0,0,0,25,6,133,11,0,30,0,1,14,0,6,0,0,13,0,0,17,5,1,6,0
7,0,25,3,90,16,2,1,2,70,11,0,1,113,51,6,5,3,34,5,36,52,36,22,28,10,0,0,0,11,48,5,59,13,10,21,5,3,99,0,1,0,17,30,0,0,15,6,2,5,0
0,0,40,6,69,20,17,4,3,36,22,0,0,96,12,13,4,8,35,1,46,67,18,14,15,6,0,0,14,9,109,8,66,38,1,29,2,2,73,0,17,0,7,31,4,0,21,5,0,6,0
0,0,16,9,79,18,18,12,2,41,26,0,0,115,21,9,1,8,13,0,40,51,26,29,12,2,0,33,1,8,90,8,137,7,0,22,3,0,83,0,7,2,13,39,0,0,17,11,1,6,0
21,0,17,1,69,12,31,4,4,53,23,0,0,59,26,10,5,8,29,3,33,37,72,33,9,7,1,19,6,0,79,4,53,9,5,17,1,2,65,0,14,0,7,25,3,0,9,5,5,14,0
13,0,28,2,71,3,17,0,4,28,4,0,0,69,34,6,1,4,13,0,43,53,7,22,8,8,0,0,1,10,57,5,52,13,1,23,2,0,33,47,6,1,9,27,1,0,7,4,0,3,0
3,0,8,0,26,0,16,3,6,12,1,0,0,40,11,6,0,0,11,1,17,27,11,16,6,2,0,0,1,3,70,3,89,4,0,11,1,2,13,0,1,0,1,11,0,0,11,11,0,5,0
26,0,2,1,28,16,13,3,2,12,28,0,0,20,15,12,3,2,6,0,11,37,15,11,20,4,0,1,4,0,38,4,56,9,0,16,0,1,11,0,11,0,3,18,3,0,5,10,0,4,0
11,1,23,6,93,10,13,4,4,53,75,0,2,94,25,9,1,5,13,1,39,53,9,20,10,8,0,1,4,0,89,4,35,27,0,14,6,5,56,0,11,3,14,20,3,0,19,5,0,5,0
14,0,25,4,113,19,21,2,4,36,42,0,0,77,15,5,3,7,11,0,30,46,1,19,21,3,0,2,3,15,74,6,74,22,1,13,2,0,50,0,7,1,2,30,1,0,18,1,1,12,0
11,0,34,6,65,10,28,2,3,47,44,0,0,90,25,9,3,9,19,0,26,38,30,13,0,0,0,20,10,7,66,11,27,16,1,13,2,2,52,0,13,4,4,36,3,0,6,12,1,5,0
14,1,21,5,39,0,13,2,4,29,48,0,2,75,19,4,0,4,9,0,33,46,5,25,13,16,0,3,2,7,46,0,155,15,0,25,2,2,48,0,5,1,25,36,8,0,14,5,2,8,0
4,0,33,1,85,15,27,3,5,48,26,0,0,29,21,6,2,2,8,0,27,38,25,9,8,6,0,0,1,3,132,11,23,6,0,21,-1,0,51,11,6,1,6,29,0,0,7,4,0,5,0
0,0,2,2,23,1,15,1,4,6,4,0,0,19,9,2,0,0,10,0,20,48,3,15,2,2,1,0,1,2,38,4,37,5,0,19,0,3,7,0,1,0,2,26,0,0,5,2,0,6,0
1,0,12,3,19,7,3,2,0,7,39,0,0,18,12,6,1,6,5,1,12,23,2,6,4,3,0,5,2,0,49,5,34,8,0,14,0,4,28,0,2,0,8,22,4,0,6,2,0,8,0
10,0,26,6,64,12,6,1,5,55,38,0,1,72,16,7,0,0,24,0,18,19,16,9,20,4,0,11,2,6,84,7,48,29,0,8,4,2,31,0,5,2,11,53,2,0,18,8,0,6,0
5,0,21,9,80,14,9,3,3,25,44,0,0,88,24,10,1,13,20,1,28,69,2,12,23,20,1,3,6,4,43,5,28,12,0,13,1,1,43,0,10,1,5,39,4,0,13,6,0,9,0
17,0,34,11,93,7,7,1,4,43,30,0,1,52,17,5,4,2,0,0,25,35,25,18,0,35,0,5,2,1,34,0,31,7,1,13,2,4,41,0,4,0,10,37,3,1,3,7,0,4,0
11,0,38,6,70,5,12,4,3,43,30,0,0,43,23,1,2,2,22,0,15,30,6,19,0,14,0,5,4,6,33,12,26,14,1,17,1,1,37,0,18,3,7,32,3,0,16,7,0,2,0
16,0,25,10,82,4,13,0,1,40,7,0,0,45,19,0,3,2,20,0,22,28,20,11,0,10,0,0,7,2,22,2,78,13,0,8,1,1,19,25,5,0,9,32,0,0,5,4,0,3,0
1,0,3,1,23,0,9,3,2,17,1,0,0,22,4,5,1,2,1,0,11,30,3,8,0,2,0,0,1,0,15,3,41,30,1,7,1,1,5,0,9,0,2,19,3,0,4,5,1,8,0
2,0,2,2,20,4,3,2,2,12,4,0,0,24,14,0,0,0,11,0,14,16,7,4,40,5,1,5,2,0,35,0,30,33,0,17,0,2,4,0,6,0,5,23,0,0,9,5,0,4,0
23,0,45,10,50,14,14,0,2,65,46,0,0,36,14,3,2,11,17,0,15,18,12,8,11,8,0,7,3,4,51,7,61,18,1,12,2,0,39,0,14,2,11,34,5,0,25,10,3,3,0
25,0,71,3,107,2,10,2,4,43,4,0,0,63,9,1,0,1,18,1,17,48,5,4,22,10,0,1,2,4,51,4,25,29,0,8,1,3,53,0,10,1,14,47,0,0,16,3,0,6,0
1,0,28,0,99,2,11,0,2,46,46,0,1,40,8,6,2,8,12,0,16,27,19,9,5,2,0,3,1,10,1796,5,39,11,0,9,3,2,39,0,10,3,11,52,1,0,14,4,0,4,0
7,2,41,9,63,4,9,2,3,39,23,0,0,37,9,8,3,7,26,0,16,49,1,5,6,9,1,6,3,8,42,4,25,12,0,14,2,5,21,0,1,1,10,46,2,0,25,11,0,3,0
11,0,44,10,25,1,4,1,2,24,6,1,1,26,22,0,3,1,0,1,18,28,19,6,13,5,0,1,2,2,34,2,28,5,0,14,7,0,24,14,17,3,7,52,1,0,24,7,1,7,0
0,0,14,5,33,2,5,2,2,29,2,0,0,15,3,2,1,4,9,0,8,19,4,8,4,0,0,0,0,0,27,1,26,-1,1,17,1,0,4,0,5,0,0,34,0,0,8,4,0,6,0
7,0,4,1,36,5,4,1,1,28,4,0,0,14,6,5,4,2,5,1,9,35,4,10,20,2,0,2,4,0,17,1,31,5,0,16,0,2,9,0,4,0,8,44,1,0,8,5,0,2,0
21,0,47,5,99,9,2,1,0,58,19,0,1,21,19,5,0,5,22,0,10,-41,32,6,14,3,0,5,3,4,43,4,-35,23,0,6,2,3,37,58,19,0,12,43,4,0,23,6,0,0,0
21,0,80,7,83,7,2,1,2,45,21,0,0,28,9,1,4,7,17,0,19,27,5,4,9,14,0,2,4,2,43,3,14,18,1,17,2,1,33,0,27,2,4,70,1,0,23,6,0,4,0
14,0,40,2,122,4,2,1,1,67,22,0,0,36,13,2,3,9,17,0,6,51,14,13,10,11,0,6,14,2,29,3,30,11,0,11,6,1,25,0,18,4,11,71,3,0,30,10,0,3,0
22,0,34,2,60,0,9,0,1,67,8,1,1,18,21,2,2,4,23,0,14,17,3,8,11,3,1,2,3,1,57,8,80,10,0,13,3,0,33,0,9,0,13,76,5,0,29,9,0,3,0
1,1,19,5,15,0,0,1,2,18,0,0,0,9,6,0,1,0,0,2,13,23,3,0,4,4,0,0,2,3,25,2,16,3,0,12,0,4,3,0,20,0,4,65,0,0,4,7,1,2,0
0,0,8,1,36,0,0,2,2,29,3,0,0,6,8,0,1,0,10,2,4,11,0,5,4,1,0,0,4,2,22,0,36,1,0,15,0,2,4,0,7,0,8,61,3,0,4,7,0,2,0
0,0,4,5,62,-10,3,1,2,47,17,0,1,6,6,2,1,8,8,0,11,15,3,3,3,0,0,-1,3,1,18,2,18,9,0,13,1,0,2,0,7,0,7,68,6,0,0,9,1,3,0
23,0,97,9,112,5,0,1,0,63,21,0,0,37,22,9,4,9,23,1,11,15,30,3,44,16,0,-1,11,2,52,4,21,14,4,15,5,5,32,0,19,1,12,130,4,0,28,9,0,2,0
25,0,36,4,147,8,5,1,3,48,21,0,4,36,15,4,0,6,20,0,17,30,11,8,30,2,0,0,5,2,51,8,24,16,1,12,3,4,23,0,38,0,20,123,7,0,24,8,0,4,0
10,0,75,4,160,2,5,0,4,120,9,0,2,19,8,5,4,4,16,1,11,25,9,5,16,4,2,3,18,1,116,6,22,15,0,20,3,6,36,0,21,3,25,156,4,0,32,16,0,3,0
35,2,44,4,109,18,0,1,0,93,36,0,1,26,9,2,0,8,25,0,16,28,14,5,11,11,3,1,8,3,31,6,39,20,0,17,6,2,31,0,24,6,13,82,2,0,21,9,0,4,0
9,0,69,6,98,1,0,1,0,95,30,0,1,24,11,5,2,2,23,1,9,14,28,4,15,7,1,-1,13,1,46,4,16,16,2,20,5,0,18,7,22,2,15,94,5,0,4,7,1,2,0
7,0,86,2,25,0,0,3,0,45,7,0,0,19,4,4,2,3,13,2,11,15,1,3,19,1,0,0,1,0,0,2,13,9,0,14,1,2,7,0,10,0,3,113,3,0,4,5,0,2,0
3,0,9,2,26,2,21,2,0,35,19,2,0,6,2,3,1,4,7,0,6,5,7,2,1,13,3,3,0,0,35,3,19,7,0,13,2,3,10,0,11,0,8,101,1,0,2,9,1,7,0
40,0,92,8,127,11,3,0,0,132,24,0,1,25,14,2,1,6,22,0,6,10,5,6,22,9,2,-2,19,1,22,3,10,42,1,13,4,7,21,0,21,0,19,114,10,0,9,12,0,2,0
47,0,97,4,118,6,8,0,3,112,33,0,7,8,11,20,5,10,14,0,13,28,4,8,18,6,0,4,6,2,52,6,19,18,0,12,4,3,25,0,5,2,16,173,7,0,15,3,1,7,0
17,0,57,6,121,1,9,0,3,156,16,0,4,25,11,4,1,5,24,0,6,12,18,8,18,2,1,8,8,1,31,5,11,18,1,21,6,2,26,0,72,4,14,180,1,0,15,6,1,4,0
32,0,91,12,103,6,7,0,3,128,27,1,4,21,8,4,1,8,24,1,5,23,7,7,24,4,2,2,11,0,19,3,26,16,1,14,7,5,21,0,26,1,18,161,1,0,6,6,1,6,0
21,1,148,4,113,1,0,2,1,90,30,1,1,18,21,4,2,9,0,2,17,17,9,5,14,11,0,0,9,1,15,4,15,25,0,24,6,3,12,4,39,0,23,146,8,0,12,7,0,4,0
1,0,31,0,18,0,0,3,0,87,5,0,0,5,3,4,1,3,34,0,5,12,2,3,9,0,0,0,1,2,7,2,15,4,2,29,0,3,9,0,20,2,5,114,0,0,2,9,0,7,0
3,0,23,6,21,6,10,0,1,90,3,0,3,6,4,5,3,1,29,0,9,2,7,4,3,3,2,5,1,0,9,7,11,25,1,24,1,2,3,0,9,0,4,135,4,0,4,11,0,10,0
11,0,134,11,126,5,0,2,1,134,71,0,4,23,20,8,4,3,36,1,16,17,9,3,31,10,1,4,28,2,22,10,13,28,1,13,9,7,20,0,57,0,24,143,4,0,17,12,1,6,0
57,1,56,6,160,8,0,2,0,139,77,1,9,23,14,8,5,3,60,0,7,18,6,4,34,11,2,1,28,2,-30,3,42,27,2,26,13,2,26,0,64,1,16,249,9,0,3,8,0,10,0
32,0,89,6,154,15,4,0,1,173,29,1,3,20,17,6,1,7,16,0,7,16,7,9,13,30,1,5,5,3,23,5,11,24,1,23,3,2,16,0,49,2,36,203,7,0,3,9,1,8,0
38,0,80,8,131,4,3,2,0,135,78,0,6,18,6,6,8,7,29,0,7,14,5,5,27,6,3,2,13,2,35,5,5,33,2,29,7,9,22,0,51,1,13,175,6,0,13,13,1,7,0
18,1,143,5,125,4,0,2,0,124,50,0,2,11,13,0,-1,5,0,1,11,12,0,5,15,5,0,0,10,2,11,6,12,22,0,30,12,3,9,0,80,0,25,157,1,0,8,12,0,6,0
15,0,19,2,40,0,0,1,0,77,5,0,0,2,10,3,2,4,48,0,6,19,0,3,15,9,0,0,2,0,11,7,22,6,0,19,0,4,3,0,26,0,4,127,0,0,3,15,0,8,0
18,1,-1,7,25,5,5,1,1,77,11,0,6,18,3,7,2,9,23,0,8,7,5,2,5,12,1,1,5,0,17,5,6,21,0,24,-1,0,5,0,15,0,11,619,7,0,4,8,1,5,0
0,1,103,20,65,8,5,0,1,186,52,0,8,30,16,3,7,10,26,2,11,15,16,4,42,11,4,4,20,0,21,7,12,22,1,31,14,14,24,0,59,0,21,279,5,0,13,13,4,9,0
43,0,47,6,245,15,2,1,1,216,79,0,13,16,10,15,9,5,69,0,9,29,1,9,23,7,3,3,21,2,-27,6,5,28,2,34,14,8,14,0,50,7,19,224,6,0,30,16,3,5,0
27,1,172,8,182,0,6,0,0,253,29,0,4,16,13,11,8,7,42,1,20,0,20,5,48,16,1,4,21,4,11,3,16,34,1,26,13,5,23,0,52,0,14,113,8,1,16,13,1,12,0
15,0,67,11,156,16,1,1,1,257,79,0,11,17,20,7,1,4,24,1,8,29,7,6,52,10,5,4,29,0,10,7,6,20,0,24,5,6,11,29,45,1,27,234,4,0,33,15,4,6,0
22,1,53,5,156,6,0,2,0,179,70,0,9,8,7,2,0,5,0,0,10,17,7,6,30,11,1,0,2,1,11,9,8,37,0,14,8,3,12,0,39,4,7,188,6,0,41,16,0,3,0
23,0,18,6,77,0,0,0,1,62,14,0,0,14,4,4,3,2,58,0,11,12,0,8,10,1,0,0,0,1,6,3,16,4,2,23,1,1,4,0,26,1,6,29,1,0,3,9,1,7,0
4,1,14,11,24,0,5,0,0,73,2,0,3,9,5,6,6,2,17,1,3,10,10,2,8,3,3,-4,15,0,10,1,2,60,0,19,1,2,2,0,16,0,19,139,3,0,0,10,0,12,0
31,0,66,15,158,5,0,1,1,245,75,1,10,19,16,4,1,7,27,-1,9,9,4,4,42,13,0,4,15,1,11,3,5,18,2,16,15,5,24,0,54,1,24,169,7,0,26,18,7,9,0
28,0,87,18,134,2,0,5,0,225,60,0,7,28,12,12,4,1,41,1,13,2,6,9,51,8,1,3,28,0,-15,9,30,24,1,24,17,5,7,0,47,1,27,307,6,0,30,21,0,8,0
15,0,70,7,155,1,0,0,0,120,44,2,6,21,7,12,6,8,50,0,9,32,28,7,21,5,0,5,10,1,7,2,7,41,1,25,10,1,29,0,48,4,39,256,3,1,25,8,0,7,0
20,0,79,6,171,5,4,0,2,180,87,2,6,19,10,3,1,4,61,0,11,18,17,4,23,24,5,5,20,0,0,6,3,34,1,26,7,9,14,0,20,3,19,276,5,0,18,17,3,6,0
20,1,56,14,186,0,0,0,1,182,66,0,6,18,15,12,1,8,0,1,13,12,-4,8,26,4,5,0,29,0,20,6,9,24,2,18,3,7,14,5,45,2,8,209,0,0,5,9,4,13,0
13,0,13,9,82,1,0,0,1,77,13,0,2,5,2,4,1,1,56,0,8,14,-1,9,22,7,0,0,8,0,5,4,4,8,0,23,0,1,1,0,24,0,8,109,1,0,4,11,8,6,0
26,0,4,11,29,4,3,0,0,91,30,3,2,1,4,3,5,2,24,0,6,6,7,3,16,7,0,3,6,0,4,5,8,7,1,25,2,1,3,0,17,0,16,92,9,0,1,11,2,5,0
48,0,45,11,124,12,0,2,2,276,114,0,7,20,25,12,7,8,26,1,12,10,7,6,32,5,2,3,18,0,12,3,6,39,5,24,13,11,29,0,50,0,39,217,4,0,17,8,6,9,0
33,1,148,6,243,1,6,0,0,212,109,4,0,15,15,7,4,7,43,0,13,0,6,12,45,8,3,5,15,1,-5,2,2,42,2,19,9,7,36,0,46,1,18,304,2,0,8,14,6,9,0
7,0,36,10,92,7,0,0,1,148,80,2,5,24,20,7,6,6,41,0,10,0,16,7,22,2,1,4,34,2,8,2,6,7,0,29,11,8,16,0,40,1,24,238,2,0,11,10,0,5,0
4,0,40,5,246,6,3,0,0,228,35,0,14,25,10,10,1,8,28,0,9,0,11,8,32,9,0,1,15,1,10,6,21,26,1,27,6,2,39,0,20,2,13,304,7,0,7,15,4,10,0
3,1,69,13,111,8,0,0,3,204,94,0,4,5,19,5,2,6,0,1,7,0,20,6,37,13,1,0,24,0,7,8,10,30,0,19,13,1,17,2,56,2,19,190,3,0,11,11,3,7,0
2,0,14,-1,23,0,0,0,0,107,34,0,0,18,4,0,0,0,77,0,7,0,6,7,4,5,0,0,3,0,2,3,6,4,4,20,4,2,3,0,9,1,20,134,0,0,0,11,0,5,0
25,0,0,4,30,0,3,2,0,87,24,0,4,12,5,12,1,8,19,0,1,0,0,6,11,32,0,0,5,0,4,4,5,1,1,15,4,0,0,0,19,0,20,57,1,0,4,7,0,4,0
12,1,23,16,157,3,0,1,2,219,64,1,9,27,28,15,5,12,28,0,6,0,16,9,32,11,2,7,25,1,9,5,7,48,2,23,14,9,22,0,55,1,38,222,5,0,11,7,2,4,0
9,0,105,12,174,1,1,0,1,174,53,1,7,23,18,8,4,12,37,0,10,0,11,18,36,9,0,3,32,3,1,6,10,35,2,23,20,11,33,0,17,1,28,243,8,0,14,12,4,5,0
29,0,50,10,132,3,1,0,1,117,54,3,7,27,15,6,4,14,28,1,7,138,17,6,27,8,5,2,38,1,6,5,5,34,0,24,10,4,13,0,41,2,36,251,4,0,17,8,1,7,0
22,1,5,22,154,7,2,1,1,119,93,1,9,24,13,13,7,8,50,1,10,13,0,8,24,3,0,3,13,0,9,5,3,29,2,30,6,2,17,0,58,2,59,230,2,0,9,4,4,7,0
15,1,67,11,189,8,0,1,2,106,95,1,1,17,10,4,0,8,0,1,7,20,21,8,23,6,1,0,12,1,2,4,7,27,3,26,10,3,18,11,34,1,14,153,2,0,7,5,6,5,0
2,1,15,13,21,0,0,1,0,51,39,0,1,6,3,4,0,0,59,1,7,0,3,6,3,2,0,2,0,0,3,2,8,10,1,29,1,0,2,0,11,1,5,124,0,0,24,4,2,4,0
6,0,0,9,48,1,0,0,0,72,24,2,7,8,6,10,3,12,18,0,5,28,4,4,8,0,1,4,3,0,0,2,3,4,1,23,4,3,2,0,7,0,20,53,5,0,4,7,0,7,0
9,4,21,15,155,7,3,0,0,183,102,0,12,29,16,12,1,11,33,0,7,12,21,8,67,18,6,0,30,0,7,3,29,35,1,25,14,8,24,0,18,0,41,181,7,0,23,6,8,7,0
6,1,104,21,145,1,0,0,1,153,47,2,11,37,18,12,12,7,32,1,13,26,6,15,58,11,1,2,20,0,-39,5,5,36,0,23,19,5,29,0,44,1,21,192,4,0,21,15,3,10,0
25,0,33,7,160,4,2,0,0,135,81,4,6,23,7,20,4,8,23,0,10,21,16,12,26,7,0,5,21,2,7,9,1,24,1,23,15,5,8,0,55,0,25,222,2,0,12,9,8,3,0
27,0,49,17,110,6,0,1,0,89,77,4,10,20,11,17,1,8,30,0,5,16,6,4,14,12,2,1,16,1,9,3,3,22,0,25,8,9,20,0,27,3,26,168,4,0,23,8,3,7,0
42,0,29,16,169,5,0,0,0,148,99,3,5,11,12,-8,4,3,0,0,15,12,0,4,14,29,4,1,15,0,3,2,2,31,2,19,11,7,14,1,43,2,24,128,0,0,18,5,14,9,0
8,0,23,12,26,0,0,0,1,14,27,1,1,11,8,13,0,8,27,0,10,13,35,2,14,5,0,0,0,0,4,1,17,9,1,21,2,4,2,5,11,0,22,77,0,0,1,5,-1,4,0
16,0,-1,13,38,3,0,2,1,68,28,7,2,7,6,7,2,4,19,0,3,11,5,1,32,14,0,5,3,0,8,9,48,10,1,24,1,1,0,23,11,0,6,41,0,0,11,8,1,4,0
19,2,15,17,147,1,1,3,0,187,98,4,6,38,18,5,3,15,34,0,3,4,14,5,20,15,1,3,8,0,5,8,6,39,2,25,8,5,19,0,37,0,27,135,2,0,32,6,9,8,0
12,0,21,27,159,6,1,2,1,127,61,1,5,27,14,8,5,18,20,1,6,-4,14,8,33,17,4,0,23,0,14,3,6,38,3,25,13,4,26,0,37,2,16,177,1,0,29,6,9,8,40
6,1,65,20,175,3,1,0,1,149,71,4,0,24,5,3,10,10,17,0,10,17,11,7,10,8,2,4,27,0,7,1,8,24,2,22,14,2,19,0,13,0,15,186,4,0,11,6,7,6,0
24,0,41,12,175,0,0,0,2,100,62,2,0,28,18,22,7,11,14,1,10,23,7,10,22,21,3,0,12,0,7,3,5,36,0,15,11,5,10,0,39,1,25,126,5,0,10,2,5,9,1
7,2,36,9,108,16,0,1,0,61,45,3,0,23,12,6,2,6,0,0,11,16,8,4,11,61,2,0,13,0,7,6,7,50,5,20,4,5,15,2,31,3,25,144,1,0,15,10,1,1,0
1,0,14,12,17,1,0,1,0,38,57,1,0,5,2,3,2,3,58,0,5,9,0,6,15,18,1,0,1,1,4,3,0,1,1,20,3,1,0,0,10,0,3,77,2,0,1,6,3,6,0
0,0,-2,14,49,1,0,2,0,22,7,1,0,8,6,3,3,0,12,0,3,8,4,3,1,3,1,0,4,0,2,4,11,7,0,17,0,1,21,0,20,0,4,47,1,0,6,4,-1,9,0
1,0,2,9,80,0,6,1,0,44,25,2,0,7,13,15,0,1,13,0,4,8,1,2,0,3,1,3,0,0,5,0,13,12,0,17,1,4,8,0,5,0,25,102,1,0,2,2,4,6,0
8,0,30,11,114,4,0,1,4,195,56,3,32,28,19,19,15,16,15,0,3,5,75,7,38,12,3,15,19,0,12,6,7,49,1,21,9,8,14,0,30,0,34,130,3,0,11,4,3,5,0
15,0,22,12,116,2,4,0,1,216,75,3,3,28,14,3,4,22,21,0,11,20,5,15,33,11,1,6,17,1,6,3,3,32,3,20,13,3,13,0,33,4,60,16,3,0,11,7,3,1,0
28,1,15,13,136,6,2,2,0,176,41,2,5,31,11,9,13,9,41,0,5,14,6,13,14,7,8,7,10,0,9,2,3,33,4,23,12,2,23,0,53,0,37,277,1,0,3,7,6,9,0
13,1,27,16,123,3,0,0,0,98,41,1,3,22,17,2,10,13,0,1,7,16,12,9,15,8,2,0,10,1,4,3,4,24,3,22,11,6,0,0,12,6,40,107,2,0,11,6,2,7,0
1,0,7,12,24,0,0,0,0,8,47,2,0,14,6,2,2,3,33,1,5,14,0,13,12,4,2,0,3,1,4,2,0,5,1,18,6,4,1,0,24,1,14,80,0,0,2,5,1,7,0
3,0,0,11,45,2,5,1,0,34,20,0,4,5,3,4,14,5,17,0,1,9,9,3,9,8,3,1,4,0,3,0,6,8,2,17,0,0,27,0,13,0,18,44,3,0,19,7,11,4,0
32,0,22,158,154,6,0,1,0,145,44,1,4,18,21,10,15,9,26,1,3,6,11,5,28,19,2,1,26,2,9,7,7,51,2,12,7,10,6,0,21,0,30,142,0,0,96,9,5,6,0
139,0,27,7,108,6,2,2,1,152,20,3,6,35,12,14,21,8,18,1,9,20,11,6,22,9,1,3,12,0,11,2,4,38,5,11,12,2,22,0,34,8,25,138,1,0,45,8,10,3,4
9,0,38,9,113,4,1,0,2,147,52,4,5,25,8,2,4,11,17,0,9,15,12,9,24,17,2,3,12,0,3,4,27,31,5,23,6,0,11,0,26,1,13,88,0,0,36,5,4,6,3
27,1,41,7,143,3,4,0,0,139,62,13,4,19,19,14,12,8,29,0,7,9,-3,8,12,28,3,0,18,0,4,5,13,27,2,25,9,0,26,0,19,2,32,111,0,0,29,8,3,4,0
9,0,17,8,112,4,0,1,0,62,59,0,3,25,9,1,0,7,0,1,6,26,15,13,17,15,10,0,4,0,3,6,-1,28,8,7,4,4,21,4,11,5,20,91,3,0,41,5,11,5,0
0,0,9,0,-1,1,0,0,1,9,3,0,2,14,6,0,1,3,26,0,5,15,0,2,1,1,1,0,3,0,3,2,6,8,0,13,3,1,21,0,11,2,2,43,0,0,25,8,3,11,0
2,0,2,16,27,4,2,1,1,21,2,0,4,7,11,19,6,1,9,1,3,7,12,4,0,12,3,8,0,0,2,2,69,4,1,16,2,3,23,0,13,0,15,51,1,0,6,6,1,4,0
18,0,19,12,138,7,2,2,0,99,69,0,4,29,10,9,13,7,11,0,9,11,16,10,36,29,3,9,15,0,7,3,107,39,3,18,14,3,18,0,31,0,28,104,2,0,39,11,5,4,0
31,0,29,20,113,5,1,2,0,202,95,2,3,22,12,5,6,5,7,0,10,19,15,6,24,71,2,3,10,0,6,3,1,30,7,22,8,6,35,30,19,0,16,123,1,0,29,6,2,13,1
18,1,32,17,100,3,2,2,0,177,46,2,3,30,19,5,1,13,16,0,5,15,7,3,4,13,0,0,8,0,9,2,6,40,8,18,11,1,17,0,17,8,36,138,0,0,24,6,6,11,0
-15,6,29,20,110,1,2,1,2,120,50,3,1,25,19,9,14,12,21,0,10,11,8,6,20,40,5,6,9,0,6,6,13,53,8,24,12,3,11,0,18,6,41,102,4,0,23,7,7,9,0
10,0,35,19,74,6,0,3,1,107,42,4,2,25,13,2,0,5,0,0,7,18,17,10,17,63,1,1,9,1,6,5,2,31,8,12,11,0,18,2,26,2,21,103,0,0,8,4,2,9,0
0,4,0,23,19,1,0,0,0,10,31,1,0,13,3,2,0,3,21,0,4,13,0,4,8,-1,2,1,3,0,3,0,6,1,4,17,2,1,3,0,3,0,3,42,5,0,15,7,2,13,0
0,0,1,21,10,3,2,2,0,5,14,0,0,13,12,8,9,5,15,0,9,11,7,7,2,4,1,2,0,0,1,3,8,4,3,19,1,4,2,0,11,0,11,63,0,0,13,7,3,9,0
16,0,9,21,190,2,2,3,2,106,33,2,4,23,20,17,8,8,10,1,5,8,21,5,36,9,3,6,8,0,10,2,8,49,5,21,11,8,13,0,22,5,33,87,4,0,15,5,8,11,0
23,0,18,19,101,5,3,1,1,174,24,2,5,35,22,17,18,4,13,0,7,33,11,16,12,3,3,0,7,0,5,2,9,38,7,18,13,4,27,0,19,0,34,109,2,0,21,7,5,12,0
8,2,24,15,136,3,3,2,1,127,42,3,3,24,15,8,3,17,8,0,4,24,19,13,10,5,1,15,3,2,5,5,10,47,10,20,4,1,15,0,22,13,44,114,0,0,20,10,4,13,3
2,0,19,7,67,3,2,4,1,110,43,3,2,47,13,11,16,6,26,0,2,10,7,10,20,72,5,0,6,1,4,5,37,29,8,11,9,3,19,0,9,1,14,99,15,0,22,6,2,19,0
8,1,12,16,65,3,0,2,0,74,27,11,6,31,18,4,3,8,0,1,0,17,14,14,12,18,0,4,11,0,4,3,5,21,7,15,7,8,18,1,33,11,43,70,2,0,20,6,2,9,0
0,0,1,18,18,8,0,1,2,43,27,3,2,17,8,6,0,4,32,0,5,3,0,7,2,9,1,2,3,1,1,2,11,5,3,13,0,1,15,0,11,0,17,30,2,0,3,4,1,10,0
1,0,1,22,26,1,4,2,0,41,28,1,5,14,9,11,7,5,9,0,2,20,15,3,0,2,3,3,0,0,2,2,10,3,3,16,4,0,12,15,3,0,20,116,4,0,3,8,3,12,0
21,0,6,22,85,12,4,0,0,55,34,3,5,31,32,15,3,4,6,0,5,8,22,4,14,21,2,4,6,3,9,0,7,33,3,23,11,9,16,0,15,0,23,91,6,0,15,11,3,13,0
21,1,20,13,94,4,1,3,0,137,28,3,8,42,18,6,12,5,9,0,7,19,7,14,24,29,1,0,7,0,5,2,18,23,24,26,9,2,23,-1,31,10,21,120,8,0,12,5,5,25,0
36,1,10,21,69,10,5,2,3,164,38,1,3,32,16,14,34,11,5,0,7,8,24,6,23,30,4,7,13,2,9,3,10,29,6,27,10,11,21,0,12,14,63,106,5,0,25,7,1,17,0
16,0,3,27,78,8,3,2,0,118,53,2,3,35,24,21,24,8,26,1,7,12,7,14,6,125,9,0,8,2,3,3,29,25,11,17,6,3,21,0,16,5,31,96,4,0,16,7,6,24,0
11,0,13,22,86,9,0,1,2,0,44,2,1,30,22,5,2,7,0,0,1,10,19,10,16,27,3,5,2,5,7,5,4,18,15,25,4,2,33,0,21,9,27,78,5,0,10,3,5,24,0
0,0,0,17,11,1,0,4,1,178,24,1,0,9,9,3,1,3,20,0,13,17,0,10,5,1,1,0,2,1,3,4,6,5,1,17,3,0,6,0,1,0,8,31,7,0,4,3,-2,28,0
1,0,0,17,9,3,2,1,0,48,13,0,3,13,9,19,13,3,14,0,2,13,6,3,0,0,2,3,3,0,1,4,10,3,8,28,6,0,18,0,7,2,7,32,5,0,3,12,3,20,1
0,0,8,25,41,37,1,1,0,119,23,4,2,29,33,10,12,14,10,0,7,13,30,7,14,0,5,5,10,0,7,3,10,43,12,22,15,6,14,0,17,0,23,89,0,0,11,4,2,26,3
41,4,5,23,102,7,4,1,1,64,16,10,4,48,17,14,18,7,9,0,8,17,13,23,25,105,8,3,17,2,9,3,7,40,8,19,13,3,29,12,17,3,31,104,5,0,9,9,3,24,0
50,0,17,11,90,2,3,4,0,141,22,1,1,53,28,11,15,20,12,1,10,25,34,18,12,-68,5,5,7,5,6,1,24,18,5,25,11,3,23,0,14,13,39,94,2,0,7,4,2,29,0
30,1,18,20,88,10,2,1,3,94,60,1,6,38,25,8,25,4,20,1,2,30,15,20,8,18,5,12,9,2,5,6,12,36,18,26,11,6,22,0,8,3,7,95,8,0,20,5,3,36,0
2,1,17,19,95,4,0,3,0,87,47,1,6,27,36,4,2,12,0,1,7,21,23,5,11,103,4,0,0,1,2,1,10,19,11,34,8,2,9,0,22,8,32,70,3,0,14,6,3,30,0
0,0,3,20,-5,0,0,2,0,50,31,1,-1,22,23,4,0,6,23,0,3,14,0,17,0,14,2,1,3,0,7,5,15,5,5,27,9,1,23,0,13,8,6,30,3,0,11,10,1,38,0
1,0,3,10,15,4,12,4,0,54,19,0,3,22,25,16,11,8,16,0,3,16,23,5,0,8,0,6,2,2,3,1,14,5,4,29,2,7,10,0,11,0,13,24,3,0,24,10,0,39,0
16,0,7,14,84,2,5,3,1,84,15,2,4,41,52,28,26,16,6,0,4,5,20,7,31,26,11,10,15,0,13,7,9,53,4,26,18,6,41,0,35,7,29,74,5,0,28,6,9,33,4
23,1,17,23,136,12,8,2,0,105,29,14,11,68,19,18,19,21,12,0,9,22,35,35,21,27,23,10,5,1,18,8,5,40,10,37,19,2,28,23,12,3,18,93,6,0,30,11,3,39,0
15,0,5,21,60,4,2,4,0,57,23,3,7,42,46,7,22,17,9,0,11,30,46,20,8,16,3,9,4,1,18,3,23,50,9,34,11,0,28,0,47,14,41,17,6,0,9,11,6,41,0
16,0,6,10,41,13,8,4,0,73,39,3,9,31,34,28,13,16,21,0,6,20,19,13,7,32,4,4,2,1,10,7,13,32,9,34,13,14,32,0,22,9,61,116,4,0,15,7,4,46,7
7,0,4,15,48,7,0,4,0,77,41,3,10,63,26,5,6,8,0,0,9,9,38,14,17,109,12,9,5,2,8,5,10,30,8,33,11,4,28,0,16,10,23,137,1,0,39,11,0,42,0
0,0,5,15,14,5,0,7,0,12,1,0,1,24,16,1,0,3,17,0,13,25,0,21,0,3,3,1,5,0,4,2,7,13,8,40,4,0,11,0,9,9,37,47,4,0,1,8,1,42,0
0,0,1,21,17,3,11,1,0,20,18,0,7,17,15,22,13,3,17,0,3,17,30,4,8,5,6,5,1,2,7,9,10,13,5,30,2,2,12,0,21,0,30,38,2,0,2,9,1,34,9
26,2,16,24,115,10,7,0,2,56,17,3,5,46,57,23,14,18,18,0,6,7,33,15,20,39,2,16,7,0,14,4,14,41,15,40,22,9,24,0,19,0,43,84,4,0,19,10,8,46,0
19,1,14,18,65,13,9,4,0,66,30,-2,14,51,39,11,18,14,10,0,9,36,21,19,19,29,20,7,10,3,18,11,12,34,12,42,13,7,23,27,34,9,35,106,10,0,16,12,4,51,0
3,6,13,19,31,19,5,8,1,77,44,2,16,56,41,14,7,19,18,0,8,27,47,32,8,7,12,8,3,4,8,3,21,38,11,40,20,2,36,0,13,19,21,117,10,0,20,4,7,43,0
18,4,17,6,59,10,7,2,1,72,32,1,11,36,30,9,11,15,11,0,10,24,12,18,18,51,27,9,8,0,7,13,29,49,13,41,20,2,29,0,7,12,77,108,3,0,7,11,8,44,0
35,1,44,25,64,7,0,4,0,41,22,3,3,46,51,2,6,9,0,1,9,16,34,20,6,94,11,3,0,1,11,11,5,46,12,37,11,14,26,0,39,10,13,74,3,0,11,14,6,40,0
6,3,0,33,19,3,0,3,0,28,2,0,1,35,34,17,0,4,7,0,11,22,0,18,14,1,1,10,4,0,4,8,20,5,7,52,8,2,3,0,1,12,0,52,10,0,1,8,1,24,0
0,1,3,27,10,4,10,2,1,45,18,0,2,18,31,23,20,3,8,1,2,10,17,9,0,5,10,1,3,0,3,10,12,7,9,49,9,1,10,0,10,1,26,42,0,0,3,5,1,41,10
14,0,39,18,71,19,9,4,0,56,449,0,15,68,55,24,12,11,17,0,6,12,44,15,36,34,13,3,23,0,14,9,10,67,15,53,21,9,30,0,22,8,75,105,6,0,8,10,10,37,6
19,0,39,23,65,22,10,1,0,32,20,0,17,55,35,21,13,11,9,2,9,27,21,31,13,24,5,9,7,1,20,14,18,50,12,53,17,4,37,25,17,14,25,140,5,0,11,12,3,25,12
20,0,28,11,65,20,11,2,3,39,81,0,7,97,50,13,9,20,20,0,10,22,51,25,8,18,3,5,10,2,12,23,59,41,29,56,21,5,45,0,7,22,31,128,7,0,11,12,8,25,0
23,0,22,19,50,23,15,2,2,53,29,0,8,49,47,14,14,10,21,0,10,21,47,36,14,24,12,27,21,2,13,6,17,34,17,52,16,6,39,0,13,28,31,131,17,0,-6,14,7,37,0
33,0,38,12,62,13,0,3,2,86,14,1,4,75,48,14,5,17,0,1,9,23,65,34,14,21,26,1,5,1,9,16,12,23,15,71,0,13,37,0,10,13,48,103,9,1,22,5,14,20,0
2,0,17,17,5,5,0,1,0,21,1,1,3,42,44,3,1,4,20,1,7,20,0,31,10,3,11,0,1,0,4,14,20,2,11,61,9,1,4,0,21,13,5,46,1,0,3,11,1,22,9
0,0,0,23,39,14,26,2,1,58,52,0,12,14,45,27,23,11,12,1,8,14,63,19,0,0,1,7,1,0,11,12,16,8,5,77,6,4,3,0,5,1,15,54,2,0,6,10,26,25,0
36,8,28,4,37,19,10,3,2,69,50,1,16,79,77,26,17,14,10,3,10,21,86,23,37,138,5,17,7,0,21,14,19,45,30,73,7,3,72,0,21,3,63,121,11,0,13,14,16,18,13
81,4,36,14,40,16,9,2,0,52,76,0,19,145,38,29,9,14,0,2,16,38,42,56,17,24,10,0,18,3,15,14,30,38,12,60,19,5,57,25,14,27,87,139,6,0,15,7,7,8,0
12,0,12,18,26,25,10,2,0,72,73,0,16,43,59,19,9,18,34,1,15,20,48,39,17,23,0,31,3,3,19,18,15,8,11,79,11,4,49,0,8,0,26,275,9,0,17,13,2,0,0
18,1,17,4,76,36,11,3,0,73,23,0,3,27,64,26,21,25,22,3,10,23,123,46,5,21,5,19,13,3,27,22,16,14,10,71,12,7,28,0,17,1,63,29,14,0,27,11,10,62,0
15,1,43,11,63,21,0,1,1,44,51,0,7,166,33,13,6,11,0,1,14,28,68,35,21,15,37,4,15,1,26,10,20,36,19,63,23,6,43,0,9,53,24,130,9,0,14,16,9,56,17
2,0,2,24,20,21,0,3,2,29,1,0,0,72,33,4,0,3,10,2,21,35,0,31,3,3,6,0,1,0,18,7,26,50,10,77,12,2,39,0,2,23,17,90,8,0,1,12,8,12,0
1,0,0,42,20,32,22,4,0,41,10,0,4,37,37,34,23,3,244,0,7,11,54,12,2,15,2,16,8,1,14,21,16,8,7,69,10,4,25,0,31,0,30,47,5,0,6,15,3,13,0
52,2,10,20,53,30,12,3,0,85,38,0,35,96,104,41,15,33,17,1,17,20,80,26,36,64,21,20,27,2,38,28,91,38,26,79,6,13,34,0,13,0,72,116,9,0,29,12,13,103,11
46,0,53,30,113,43,13,3,5,87,58,1,14,139,71,38,11,15,28,4,20,47,61,67,20,22,18,10,3,2,37,24,25,46,16,98,26,10,117,33,26,30,53,178,8,1,25,13,14,58,0
72,1,19,22,89,79,21,3,2,79,35,0,23,164,72,25,28,30,15,1,19,28,144,72,18,32,0,26,6,2,34,12,26,38,10,107,18,20,110,0,19,31,76,210,16,1,36,12,11,85,21
32,0,43,24,88,15,23,2,2,79,37,0,10,126,81,32,45,20,34,2,18,34,55,67,23,38,6,47,29,1,23,25,42,43,23,121,15,4,107,0,30,36,75,172,17,1,16,16,16,81,0
6,1,30,16,79,42,0,2,1,41,36,7,2,126,49,32,19,21,0,1,28,19,99,52,15,17,33,8,29,1,34,25,55,26,16,123,21,7,100,0,43,36,9,153,14,1,26,22,19,52,0
0,1,7,20,41,19,0,4,0,61,14,2,2,76,54,11,2,4,27,2,11,24,0,40,19,4,3,4,6,4,15,33,27,29,6,130,10,1,43,0,9,42,54,91,6,0,0,17,4,7,0
2,0,0,30,30,4,43,6,2,94,17,0,17,46,39,20,22,5,24,1,18,19,65,24,0,8,11,19,6,0,11,17,26,5,6,110,15,6,28,0,5,0,35,55,4,0,4,19,5,8,26
13,13,51,18,105,50,10,4,1,72,8,0,8,125,119,47,28,17,39,12,26,20,154,38,53,184,16,0,24,1,47,28,24,35,37,126,15,21,80,0,25,2,67,194,11,1,37,14,15,114,0
60,0,9,20,97,46,45,2,4,97,75,2,21,155,81,43,33,26,27,1,22,54,75,72,16,38,22,13,24,1,67,23,26,64,4,140,16,20,142,38,4,28,90,195,26,0,29,17,13,71,13
40,2,44,11,55,51,0,3,0,0,35,2,0,131,82,37,6,0,0,0,42,0,0,0,18,33,6,40,22,0,39,18,49,0,10,110,0,0,105,0,0,0,53,181,0,0,21,19,17,72,0
0,0,20,0,63,20,35,5,0,109,41,3,14,66,42,11,6,36,41,0,16,31,184,101,6,1,-1,2,2,-1,17,35,35,72,5,144,24,18,25,0,29,39,7,61,15,3,15,14,0,19,0
0,2,36,13,35,6,0,3,1,79,44,0,4,108,78,15,1,14,0,1,28,41,107,45,10,8,12,4,24,6,23,23,41,9,13,149,13,11,43,0,0,54,15,104,14,0,10,19,6,30,0
5,0,10,21,31,20,0,4,2,58,16,4,7,56,38,24,0,11,16,0,20,46,0,57,27,6,2,0,17,6,13,13,46,21,5,150,19,9,66,0,7,1,13,69,5,0,4,17,11,23,0
1,0,5,32,29,34,57,3,0,97,9,0,9,85,47,27,47,12,13,3,18,26,95,15,1,11,10,28,8,0,15,28,46,21,7,156,7,7,38,0,28,3,48,72,3,2,4,31,6,7,0
60,1,48,10,117,72,21,6,5,82,54,0,31,125,154,23,29,35,35,20,29,30,195,22,29,165,17,61,20,2,90,21,52,23,27,157,15,24,172,0,23,2,36,202,19,3,31,21,23,117,15
73,0,52,10,119,84,52,3,5,97,48,0,31,236,108,69,66,0,46,4,42,46,79,77,15,51,15,45,38,6,62,40,60,82,12,167,54,17,174,54,40,47,48,211,16,2,20,23,20,92,0
65,8,82,33,180,127,19,5,2,98,77,2,23,191,78,85,18,71,23,2,51,50,192,92,28,64,9,36,48,7,64,44,66,44,11,150,24,20,183,0,22,38,92,226,11,1,34,17,11,70,27
55,11,64,31,136,18,35,4,1,120,66,10,18,144,102,62,24,25,24,4,42,36,80,61,37,75,5,28,22,12,46,33,56,57,12,187,24,30,182,0,30,31,91,232,8,2,13,26,10,69,0
46,1,40,34,124,19,0,4,2,90,63,5,0,205,98,17,9,23,0,3,16,43,201,75,33,60,7,8,29,7,51,32,73,49,18,176,14,24,142,0,21,27,28,211,14,2,37,18,30,92,0
12,0,25,40,97,-1,0,7,2,93,10,1,3,76,56,35,6,10,36,0,24,51,0,64,12,8,2,11,14,5,15,11,54,27,6,178,22,6,70,0,49,19,38,80,0,0,3,16,9,18,0
3,3,0,53,60,2,79,5,4,105,43,0,20,88,55,6,30,10,23,0,23,31,98,21,0,5,6,28,4,2,15,7,67,17,9,177,15,12,65,0,13,0,66,58,10,2,8,22,3,21,23
50,0,23,39,171,14,18,3,0,96,23,0,19,144,141,1,59,20,45,12,41,41,204,22,56,141,21,33,40,0,90,0,82,45,0,191,11,35,203,0,6,1,99,170,23,4,52,10,29,81,0
43,4,108,34,201,267,43,13,3,84,48,4,29,179,110,0,37,16,32,7,53,90,79,82,24,40,8,22,25,4,116,67,79,56,58,187,23,30,198,73,27,36,59,269,23,1,21,7,31,88,19
49,5,73,34,165,120,41,6,4,129,53,2,33,195,113,0,27,28,40,0,43,43,195,89,42,74,10,33,50,14,66,23,88,53,23,194,35,13,235,0,15,30,68,197,21,3,54,11,20,67,0
52,3,91,55,189,87,36,4,1,123,54,1,15,189,84,469,52,22,43,4,46,48,62,94,41,7,24,23,45,5,54,43,99,38,27,182,27,15,214,0,46,33,84,232,9,4,35,6,17,57,22
16,18,77,36,178,25,0,7,4,71,41,2,18,126,104,15,15,24,0,7,46,50,230,67,56,51,11,22,41,11,70,24,94,44,22,189,35,12,194,0,12,33,71,183,13,2,39,2,28,58,0
0,0,35,34,92,87,0,13,2,81,2,3,6,115,54,1,2,15,51,0,31,42,0,85,19,7,2,8,19,3,19,44,112,27,0,180,22,5,125,0,54,16,61,95,17,0,2,0,2,15,0
0,0,1,45,91,11,81,6,1,137,22,0,19,103,54,60,35,17,27,2,16,39,92,18,5,4,0,45,9,1,24,21,70,32,5,184,8,6,66,0,12,0,78,47,7,1,3,0,10,13,0
22,3,64,26,236,116,22,7,4,79,52,0,20,115,149,67,60,15,50,6,53,55,205,21,48,224,8,18,47,0,97,28,111,26,13,185,14,52,247,0,5,2,71,210,15,4,56,0,34,56,7
74,2,108,58,399,71,41,13,0,122,57,4,17,146,142,14,151,23,38,2,63,70,92,92,42,63,10,10,56,21,131,43,118,98,25,211,42,49,318,97,44,39,51,266,19,5,38,101,27,85,0
56,2,147,38,268,70,46,6,5,101,61,2,28,180,107,100,58,54,31,9,48,45,212,83,26,51,13,5,20,4,77,54,119,86,9,208,16,21,216,0,43,1,172,246,30,0,45,75,32,68,23
42,0,142,27,265,33,29,7,3,96,35,1,16,180,115,0,69,28,30,5,47,52,65,65,34,29,5,16,35,9,44,25,139,60,21,209,17,21,218,0,29,28,112,330,14,2,45,-13,20,71,0
93,1,118,52,242,80,0,13,2,72,45,0,0,108,93,82,5,27,0,11,47,47,204,57,36,68,10,5,43,12,49,27,124,59,6,188,28,36,211,0,23,21,0,184,8,1,45,0,31,90,0
0,0,34,46,124,29,0,14,7,95,2,1,5,79,74,56,2,26,48,0,42,60,0,69,19,28,1,13,30,6,21,16,107,40,0,189,23,1,89,0,40,11,106,114,7,3,7,0,6,21,0
0,0,1,58,107,10,93,7,5,112,16,0,21,97,50,0,40,15,65,1,35,42,77,22,2,12,16,24,6,0,29,9,131,16,2,193,6,6,58,0,27,20,62,110,6,0,4,2,1,8,0
63,10,153,43,268,-9,29,7,2,74,63,0,12,115,158,64,35,28,51,10,37,45,187,24,79,213,14,10,38,0,103,23,152,51,5,199,22,35,318,0,14,0,132,178,12,1,51,25,42,128,22
135,3,54,38,294,93,33,9,7,120,57,3,11,133,80,15,132,26,68,8,45,83,73,75,43,105,19,39,46,21,140,40,160,69,5,155,43,21,257,115,52,8,108,258,23,5,55,31,23,74,0
89,2,115,30,328,88,55,9,5,121,64,0,25,96,94,71,25,0,46,6,51,76,0,79,23,45,2,6,45,13,78,27,141,0,17,141,45,12,255,0,15,41,47,288,8,3,31,22,34,66,0
4,0,115,32,129,36,0,11,0,0,47,0,0,156,58,5,2,0,0,2,44,0,0,0,6,9,0,-10,27,0,51,37,128,0,4,158,0,0,135,0,0,0,0,183,0,0,29,0,19,6,0
5,1,15,3,260,6,0,8,6,140,49,0,5,66,53,0,1,68,0,0,26,47,270,57,3,11,3,1,1,10,18,9,118,166,0,182,29,7,24,0,81,16,11,24,8,1,20,0,6,4,0
6,0,3,41,63,18,0,15,6,77,4,0,0,104,51,1,0,21,19,4,21,100,0,40,41,1,5,0,8,8,17,30,114,23,2,175,13,5,118,0,31,0,65,55,2,6,14,0,1,10,0
21,0,42,55,132,21,112,9,3,96,7,0,23,105,62,0,69,8,45,3,26,48,61,13,28,6,3,27,21,7,21,36,131,12,4,182,13,6,90,0,18,0,72,75,5,2,7,10,9,21,32
25,1,171,66,421,56,21,6,4,101,76,0,16,105,192,68,58,31,61,7,39,60,211,37,85,101,12,15,45,20,126,21,135,13,6,163,22,16,288,0,25,0,121,231,16,1,59,174,21,92,0
37,2,78,34,632,63,40,8,5,137,61,0,10,178,123,10,99,29,51,1,60,119,51,66,28,86,11,8,47,6,175,33,154,155,6,148,48,19,320,86,51,18,96,305,21,4,64,51,34,40,0
53,3,146,39,441,64,31,6,6,127,85,3,33,133,111,69,12,0,40,13,52,85,0,61,40,30,11,44,59,18,90,41,137,19,10,152,36,9,288,0,47,24,96,325,13,2,48,40,20,50,33
45,0,151,35,405,59,0,4,2,0,22,1,0,0,119,7,99,0,0,5,49,0,0,0,29,23,0,14,21,0,118,25,189,0,17,145,0,0,215,0,0,0,0,293,0,0,49,0,23,12,0
0,9,46,18,276,39,104,7,4,217,2,0,12,184,55,48,2,75,0,6,31,79,286,54,24,4,10,1,5,10,27,32,120,144,1,153,38,15,28,0,89,13,58,83,25,3,36,0,12,2,0
1,0,0,20,71,22,0,8,2,97,4,0,0,81,68,0,0,25,49,1,29,108,0,53,31,19,1,3,32,11,21,17,141,18,0,134,20,8,58,0,84,12,52,54,7,1,7,-1,3,5,0
5,3,3,51,268,10,69,5,3,103,7,0,11,79,55,46,58,26,48,2,19,61,84,13,13,2,3,10,26,0,17,23,165,31,2,164,5,6,101,0,15,0,137,74,4,4,8,23,20,8,0
8,0,253,36,413,47,24,8,4,98,102,0,12,125,154,7,148,23,50,8,41,63,216,18,91,215,30,15,29,11,157,20,149,55,17,135,19,44,199,0,14,0,99,238,7,5,59,59,46,97,26
108,2,127,65,573,59,38,9,5,129,89,10,17,137,96,61,0,34,46,3,56,102,57,67,38,35,10,9,60,24,141,47,157,80,5,155,62,8,358,127,84,6,108,310,18,3,35,64,39,69,0
86,3,297,25,543,52,56,10,2,164,64,0,29,176,88,5,2,37,47,13,46,73,206,44,0,72,23,16,44,11,123,39,204,137,7,119,39,10,262,0,79,25,111,380,29,3,49,29,37,42,25
111,0,197,40,634,36,37,4,1,185,79,4,6,123,81,59,2,13,105,41,58,76,39,48,88,37,11,14,55,19,110,30,178,115,11,141,31,7,207,0,34,12,121,630,22,1,37,65,36,52,0
108,1,98,44,513,52,0,12,4,138,136,4,5,99,92,3,1,20,0,6,35,88,230,43,45,42,5,4,56,17,98,22,185,97,0,132,35,28,252,0,63,14,87,185,9,0,69,-1,16,38,0
35,0,105,33,396,18,0,9,4,108,1,1,6,80,27,11,1,25,40,0,26,77,0,44,21,7,2,19,17,7,0,17,166,142,0,147,23,1,94,0,53,15,79,166,2,0,2,0,12,3,0
13,0,6,38,213,5,92,9,4,159,17,0,10,53,46,1,2,21,45,5,22,55,46,4,19,4,1,12,33,0,0,15,186,11,0,143,14,9,88,0,15,0,78,106,4,0,10,1,12,5,0
226,1,335,40,587,29,32,11,4,156,183,0,12,116,100,83,2,22,53,12,47,67,104,13,98,199,10,18,46,9,185,30,181,60,3,148,29,54,245,0,34,0,144,310,26,2,84,90,40,58,33
187,1,191,65,532,43,86,9,6,169,138,3,8,97,71,10,359,47,51,4,51,86,40,50,31,28,2,12,50,7,122,13,198,107,2,144,44,41,347,71,51,19,132,382,27,0,75,49,37,46,0
185,2,182,42,449,31,16,12,11,217,162,6,27,88,53,19,1,51,58,8,42,74,174,43,41,46,8,15,62,12,0,29,234,80,8,118,34,29,300,0,23,10,80,416,11,4,74,38,31,49,0
85,1,185,35,589,27,41,4,0,186,157,0,12,121,58,6,141,19,0,16,48,76,39,33,55,35,9,19,40,11,159,38,191,108,8,142,43,21,225,0,103,15,76,393,12,1,30,27,31,42,0
89,0,208,30,544,20,0,6,5,205,142,2,2,130,57,64,0,32,0,30,36,74,117,37,70,31,2,0,63,18,94,36,188,83,8,121,27,41,214,0,71,4,45,342,13,0,50,0,28,135,0
1,0,18,18,325,16,0,12,3,133,5,2,2,29,36,2,1,34,123,4,17,69,0,40,40,3,4,0,18,6,25,22,179,67,3,119,35,1,113,0,129,23,37,172,8,0,23,0,15,1,0
1,0,-1,32,179,7,74,10,7,137,61,0,0,50,39,1,22,40,50,3,44,53,17,12,3,4,1,5,5,0,19,26,179,0,0,125,7,3,75,0,11,11,39,111,7,0,10,0,8,20,0
5,1,1,43,373,2,13,9,4,162,211,2,30,33,138,8,0,27,71,5,42,44,16,6,50,13,0,0,8,5,54,17,188,56,2,103,43,5,83,0,11,0,40,321,7,0,59,37,31,47,28
157,23,262,55,658,34,44,9,2,142,194,1,-2,107,69,62,54,49,59,11,61,80,68,34,64,199,1,25,71,12,152,34,202,60,1,99,48,24,387,87,69,0,86,459,10,2,63,0,21,62,0
96,1,244,55,686,18,47,13,1,161,112,3,19,122,72,51,0,58,59,6,47,77,162,32,30,36,6,5,47,12,96,35,205,140,13,100,55,11,255,0,45,6,125,451,30,3,79,125,13,55,0
107,0,229,53,508,22,46,11,3,272,169,4,13,95,59,33,22,36,41,4,60,81,17,21,45,45,4,10,48,9,115,33,187,125,3,121,47,22,204,0,31,11,88,439,24,1,62,49,7,45,21
171,5,169,14,690,20,0,2,3,153,181,4,1,96,55,8,0,49,0,4,38,77,230,31,39,18,37,1,53,10,59,38,171,122,8,99,44,12,187,0,75,12,42,344,11,1,77,0,16,49,0
3,0,68,43,230,23,0,13,2,129,4,6,1,39,26,1,0,35,82,0,35,69,0,31,20,7,10,0,15,6,17,30,176,109,0,108,48,3,79,0,68,9,37,186,13,0,-1,0,23,6,0
2,0,1,44,222,7,88,4,7,153,52,0,12,48,19,1,29,39,25,3,27,45,37,4,5,7,0,15,3,3,21,12,192,25,0,101,14,2,62,0,5,0,108,179,2,1,3,34,4,9,0
234,1,209,40,668,5,26,5,9,227,174,59,7,85,84,4,1,35,31,11,48,41,84,8,75,129,34,9,59,4,133,14,160,56,4,87,30,22,227,0,26,0,185,330,16,0,93,19,29,65,25
276,1,195,52,716,35,41,7,7,160,155,3,26,81,40,8,94,47,67,4,54,84,9,18,65,34,16,12,46,12,115,27,207,139,1,80,65,20,216,73,95,34,147,457,7,1,54,44,25,38,0
168,1,176,42,619,17,44,9,7,202,184,2,7,103,36,32,1,69,55,5,39,45,88,16,28,23,9,1,47,16,81,28,184,131,1,83,35,6,190,0,230,24,98,415,0,0,80,32,30,32,0
226,0,203,47,647,25,26,7,5,219,154,1,4,71,45,45,61,57,58,3,44,96,8,28,38,14,17,0,37,14,82,22,187,111,2,85,48,8,169,0,39,5,42,358,35,0,71,42,23,56,0
0,0,76,7,588,26,0,2,2,106,223,0,0,65,43,74,0,46,0,20,38,87,114,19,35,15,5,-1,46,5,72,17,178,0,3,83,33,19,128,0,72,7,105,274,8,1,70,0,9,40,0
122,0,22,30,334,20,0,4,4,119,2,3,0,40,6,250,2,31,58,0,16,46,0,13,27,1,1,0,6,13,29,18,178,178,0,73,43,0,58,0,28,3,73,150,2,1,15,0,9,4,0
0,0,4,27,195,1,72,3,3,206,43,0,10,16,15,5,30,35,53,5,23,30,10,2,11,3,1,0,8,2,29,12,169,7,0,70,17,1,39,0,241,0,99,171,3,1,10,33,4,2,0
206,17,238,44,561,9,14,8,0,137,203,0,6,47,64,13,0,32,41,23,17,45,73,8,76,266,15,9,46,0,71,15,164,67,0,76,38,23,125,0,35,1,141,374,17,1,43,-2,3,44,28
309,0,214,46,618,14,24,2,10,197,130,4,7,69,36,56,75,51,53,9,50,56,33,24,26,75,54,2,49,17,109,28,164,169,0,84,52,10,141,71,76,3,126,420,11,3,58,72,27,16,0
162,0,176,24,767,18,28,3,6,228,162,2,-1,69,-29,58,0,58,38,3,29,76,81,17,24,26,5,21,51,9,100,17,153,150,0,70,27,7,130,0,93,6,165,414,14,2,75,28,22,49,0
84,0,196,41,618,23,29,4,8,210,97,0,11,82,89,34,203,50,32,2,39,75,24,22,40,14,-1,6,39,6,93,23,170,113,4,63,29,4,160,0,66,10,198,440,17,0,82,33,20,30,0
64,0,63,11,435,17,0,4,7,142,230,0,9,59,66,41,0,49,0,2,40,62,103,16,44,17,5,9,33,7,78,8,196,85,2,69,51,18,145,0,58,6,56,289,5,1,41,0,19,36,0
2,0,37,15,266,9,0,6,5,97,0,2,0,48,55,0,1,31,43,1,27,78,0,10,3,2,2,0,24,5,25,13,182,57,0,60,52,3,64,0,40,5,6,140,3,1,5,0,10,2,0
8,0,7,30,182,2,68,4,4,119,37,0,9,35,58,2,92,40,23,1,25,55,9,3,1,1,0,9,2,2,22,13,132,8,0,66,4,1,29,0,39,0,93,160,3,0,42,1,2,1,0
56,1,231,42,509,13,16,4,5,233,164,0,4,18,67,35,0,35,20,3,30,70,62,6,72,10,1,10,37,3,92,18,151,55,-1,59,53,7,142,0,3,0,64,317,10,3,78,108,19,49,23
309,0,176,26,577,24,28,3,4,160,116,5,11,53,52,29,103,49,50,2,37,83,13,11,25,11,5,8,23,7,59,31,185,135,2,46,30,13,126,66,49,6,96,349,17,1,34,45,25,42,0
133,0,200,25,530,11,28,4,8,174,90,1,0,102,26,22,0,36,27,0,33,62,80,24,23,225,0,3,55,1,167,18,143,113,1,50,48,12,114,0,95,14,112,387,9,1,26,31,12,18,0
159,2,172,13,418,9,27,2,3,183,188,1,5,32,86,27,59,42,37,2,32,89,9,19,39,31,4,12,26,9,64,23,169,82,1,51,11,38,104,0,57,2,88,366,11,1,8,42,13,11,0
62,0,114,40,513,24,0,4,3,118,139,0,7,53,32,13,0,19,0,4,17,66,92,7,32,28,3,0,31,4,47,14,134,77,0,36,35,43,95,0,17,7,26,248,5,0,30,0,1,10,0
0,0,30,13,248,10,0,5,0,96,20,1,0,35,24,0,0,10,16,2,11,60,0,7,1,2,0,0,15,3,14,13,154,38,0,43,30,0,25,0,87,6,47,124,4,0,16,0,9,1,0
2,0,0,10,56,2,65,3,1,155,54,0,0,41,19,1,41,9,33,0,43,33,10,2,2,1,1,1,11,2,12,9,111,10,0,55,17,0,21,0,36,0,10,63,2,1,4,0,2,4,0
13,5,3,12,307,2,2,0,2,220,240,0,3,32,40,26,0,27,0,2,16,50,18,2,37,4,3,1,13,1,31,12,115,61,0,50,20,1,15,0,21,0,23,50,1,1,21,34,4,39,15
89,1,82,26,460,10,27,1,3,157,88,1,11,23,20,43,112,18,66,3,14,56,11,10,23,34,3,13,41,12,135,12,136,108,0,47,28,5,185,94,62,0,30,110,9,0,38,49,9,10,0
78,0,213,10,456,26,20,1,7,163,127,1,9,72,29,15,0,37,15,1,57,63,92,14,7,176,3,7,31,2,89,18,157,96,4,39,23,6,98,0,38,3,72,134,7,2,15,44,11,18,0
149,1,145,13,468,14,27,0,1,218,203,2,0,63,44,15,91,28,34,1,4,40,24,8,3,51,2,18,26,2,63,19,169,54,0,45,20,0,76,0,58,6,7,202,20,0,8,19,12,36,0
17,0,59,12,411,9,0,0,1,121,124,0,0,42,14,0,0,25,0,2,13,53,68,11,19,11,2,4,37,1,50,11,128,76,2,38,23,5,75,0,43,6,51,209,8,3,99,0,6,19,0
2,0,25,9,229,5,0,1,1,93,2,1,0,35,35,0,0,21,26,0,5,47,0,9,0,0,1,0,4,1,24,14,109,30,1,34,26,1,27,0,68,4,17,121,10,1,134,0,7,0,0
0,1,-3,6,97,1,39,1,0,159,78,0,0,34,35,38,29,13,11,0,8,27,1,1,0,3,-1,0,10,0,16,11,97,8,0,38,22,1,16,0,8,0,21,139,1,1,155,35,2,0,0
68,0,148,14,349,14,10,11,3,148,87,0,14,27,43,26,0,16,26,2,22,30,37,1,24,144,5,3,21,1,104,9,108,31,1,25,24,6,97,0,25,0,44,220,12,1,172,24,11,39,9
84,0,43,10,1174,10,23,23,3,127,131,4,0,44,14,15,79,51,25,17,30,62,9,9,28,17,2,4,16,2,99,14,125,109,1,31,37,32,78,134,41,1,69,310,14,2,149,31,11,26,0
87,0,121,10,487,8,19,4,4,138,130,0,10,32,26,23,0,43,33,24,71,33,47,7,8,32,2,7,14,6,70,13,123,63,1,35,38,10,80,0,45,8,55,254,11,2,156,30,5,58,0
38,0,83,10,436,15,7,12,4,146,19,2,9,54,33,25,11,30,26,0,13,46,2,12,25,15,4,13,9,4,45,14,127,49,1,31,18,2,58,0,34,7,54,291,18,1,234,14,1,5,0
61,0,70,10,168,5,0,0,1,110,74,2,1,34,27,7,0,25,0,1,16,43,69,13,31,12,2,4,15,3,46,15,110,26,3,27,59,2,1,0,21,7,17,143,22,0,185,0,6,15,0
-1,0,13,-174,247,6,0,4,7,118,1,0,0,22,17,1,0,12,21,1,10,51,0,8,12,-1,1,0,0,0,14,0,104,0,0,27,49,0,73,0,48,2,19,178,6,0,170,0,3,0,0
2,10,-1,7,111,1,29,0,2,147,77,0,7,20,20,1,8,15,20,0,1,26,11,3,0,2,0,0,0,0,21,29,92,42,0,29,50,4,16,0,16,0,10,212,5,1,231,13,0,0,0
60,2,81,4,290,7,7,4,0,136,102,0,4,47,30,26,0,19,19,0,23,38,25,4,43,15,15,1,10,0,48,11,106,34,2,29,56,13,76,0,14,0,15,277,9,1,160,19,1,36,11
38,1,29,7,376,11,20,14,4,132,144,2,5,43,8,3,72,33,21,2,18,70,6,17,19,184,1,7,20,5,128,13,120,75,1,30,0,27,65,52,44,5,22,277,6,1,383,23,8,19,0
65,0,96,12,390,4,15,4,1,120,119,0,0,42,31,35,0,28,18,0,11,44,39,14,21,6,2,1,18,3,42,16,124,36,0,27,0,32,78,0,40,3,41,294,11,0,31,20,0,13,0
28,2,84,10,328,12,11,9,3,135,62,2,0,33,32,13,7,22,30,-1,16,26,12,13,19,16,4,20,15,0,30,18,115,47,0,25,0,9,44,0,39,0,34,290,4,0,71,9,9,12,0
27,0,54,14,299,0,0,11,3,98,87,1,3,50,36,3,-11,52,0,0,6,52,57,12,22,8,0,1,16,3,36,9,102,56,1,21,0,3,53,0,20,2,9,202,5,1,91,0,5,9,0
-1,0,5,22,97,4,0,9,0,63,1,1,0,13,11,6,0,13,32,2,7,43,0,4,3,2,2,0,1,3,17,0,88,0,0,26,0,0,29,0,35,2,4,66,1,0,77,0,2,3,0
0,0,0,24,56,0,21,2,5,81,41,0,11,4,5,1,4,10,10,0,2,18,4,6,0,2,0,0,3,0,16,15,70,33,0,23,0,2,12,0,6,1,9,96,1,0,87,22,0,0,0
38,0,-2,14,286,7,14,7,1,125,29,0,2,14,20,15,0,21,11,17,24,21,30,140,26,109,4,-3,14,1,45,19,74,17,0,22,167,5,45,0,3,0,31,171,13,3,107,14,1,28,9
36,0,78,25,255,6,13,10,1,59,74,3,9,29,15,27,35,34,43,0,26,53,8,9,11,12,2,10,13,2,133,9,78,43,2,25,0,2,39,32,18,3,16,214,2,0,59,24,4,16,0
52,0,57,28,273,18,9,2,1,92,79,0,5,53,32,20,0,37,16,0,18,42,21,19,19,10,4,2,13,4,46,6,120,27,3,21,0,11,40,0,41,1,18,211,23,0,53,7,8,10,0
25,1,58,27,208,3,4,2,0,105,45,1,3,38,27,9,-29,29,33,0,12,29,7,13,19,8,1,2,17,4,40,4,82,41,1,23,0,3,32,0,11,2,16,222,2,1,59,16,173,4,0
28,0,27,18,154,12,0,8,2,80,50,1,1,23,27,3,0,16,0,1,13,34,40,4,13,5,0,3,20,4,34,1,96,28,2,24,0,3,2,0,37,2,0,137,4,2,24,0,8,14,0
0,0,7,19,89,2,0,3,1,30,-1,1,0,19,10,8,0,16,23,0,3,31,0,5,5,0,0,0,1,0,15,2,92,0,0,15,0,0,1,0,5,3,0,57,6,0,34,0,11,-2,0
2,0,0,7,43,2,23,4,1,93,45,0,6,12,8,1,13,23,19,1,1,28,10,1,2,1,1,0,3,0,22,1,74,18,0,17,0,2,56,0,3,0,-1,96,0,0,41,12,1,1,0
8,0,21,12,204,8,11,3,0,101,25,0,13,18,12,15,0,24,22,0,18,15,26,2,26,33,3,1,14,3,41,7,82,13,1,14,87,22,95,0,3,0,12,132,5,1,44,14,15,5,2
26,1,12,14,217,1,9,2,2,55,66,0,6,14,16,9,2,27,30,0,17,44,4,7,7,8,0,1,12,0,79,12,68,35,1,16,0,3,39,25,52,3,8,176,5,2,50,7,19,19,0
28,3,59,8,235,11,15,1,2,94,60,0,3,34,13,6,0,448,19,2,25,27,34,6,2,6,10,1,10,5,31,5,92,26,0,17,0,4,22,0,5,4,23,198,4,0,28,12,5,7,0
34,0,46,14,77,5,10,5,1,53,42,1,3,12,15,0,5,191,14,1,39,44,14,9,7,1,3,3,4,6,27,5,89,22,1,22,0,4,36,0,28,0,27,173,17,0,-90,6,30,14,0
11,0,42,4,56,3,0,4,2,62,62,1,0,25,5,2,0,25,0,0,18,29,49,6,10,4,5,2,10,4,31,7,68,15,1,16,0,5,27,0,11,3,0,100,2,2,12,0,0,18,0
0,0,12,6,410,5,0,3,1,29,0,1,0,22,21,1,0,18,0,1,6,35,0,5,1,5,0,0,1,0,40,0,25,0,0,16,0,1,14,0,30,1,0,48,2,0,13,0,6,0,0
0,0,0,5,71,-3,8,2,0,37,25,0,5,22,1,0,8,61,42,0,0,27,6,0,0,1,0,0,2,0,7,3,18,16,0,14,0,2,-23,0,20,0,4,100,0,0,10,9,6,0,0
14,2,53,3,249,4,4,4,1,41,31,0,5,13,16,8,0,15,7,2,27,21,20,7,21,54,5,2,14,1,61,11,18,18,2,12,0,2,43,0,3,0,34,81,15,1,10,3,1,0,2
37,0,44,13,250,3,7,0,2,30,70,3,1,20,15,6,30,49,19,0,11,55,17,9,4,12,12,28,15,10,50,6,247,40,1,12,62,1,36,30,25,1,45,162,5,2,6,14,6,23,0
17,1,32,11,257,5,9,1,0,107,88,1,2,35,8,19,1,107,17,0,11,40,54,16,6,3,4,9,12,1,38,7,72,93,1,20,0,2,41,0,28,3,4,133,6,1,4,13,5,4,0
19,0,24,12,246,4,3,0,2,159,95,1,0,32,20,8,11,38,14,0,16,41,20,7,11,4,0,1,11,2,28,7,60,41,1,14,0,3,31,0,9,1,20,125,3,1,7,4,4,4,0
3,0,14,7,214,3,0,8,1,26,73,3,0,25,9,2,0,15,0,5,12,35,24,4,2,4,1,0,10,4,24,2,87,0,0,14,0,2,28,0,12,5,0,92,10,0,24,1,3,3,0
0,0,6,5,79,3,0,0,0,36,2,0,0,23,12,7,0,8,0,0,5,29,0,5,1,0,0,0,0,2,7,0,86,0,0,12,0,0,12,0,18,0,0,54,13,1,20,0,3,0,0
0,0,0,6,24,0,18,8,3,69,32,0,3,5,5,4,11,11,35,0,2,15,9,5,0,1,0,0,1,0,15,0,153,57,0,12,0,0,21,0,0,0,50,41,0,0,21,8,4,3,0
1,0,23,15,137,7,2,7,2,91,24,0,0,17,10,0,0,23,10,2,10,18,52,1,12,51,1,2,2,0,82,7,30,2,0,12,0,6,38,0,4,2,28,108,4,0,23,11,2,15,0
27,0,26,10,150,8,4,0,3,87,68,1,5,28,1,14,11,25,9,5,13,37,11,12,19,5,0,3,10,1,75,5,78,25,0,18,103,2,46,9,20,0,10,10,4,2,10,10,36,23,5
-1,0,10,10,184,10,11,0,2,69,63,0,1,25,9,8,0,18,20,1,19,32,54,12,16,6,1,1,7,6,30,5,84,24,0,14,0,2,35,0,28,3,10,243,3,0,16,15,7,11,0
54,0,12,3,149,1,4,6,3,92,56,0,3,23,20,3,19,21,0,0,15,32,20,4,3,2,16,0,4,0,24,7,87,0,0,22,0,0,24,0,5,0,0,104,6,1,11,16,5,10,0
30,0,2,2,84,6,0,0,1,66,31,4,0,12,5,68,0,20,0,1,18,32,64,11,4,5,11,0,14,2,17,0,87,0,0,9,0,6,32,0,17,0,0,77,1,1,8,0,5,5,0
0,0,-1,2,46,2,0,1,0,22,2,0,0,12,0,0,0,14,0,0,7,0,0,0,0,0,1,0,0,2,5,0,82,0,0,20,0,1,8,0,0,0,0,21,0,0,42,0,2,-1,0
1,0,0,5,32,0,19,0,2,36,0,0,6,11,1,0,-5,8,4,1,2,44,23,10,0,1,0,0,1,0,12,4,74,37,0,13,0,2,7,0,7,0,13,32,1,0,31,7,1,1,0
14,0,6,5,89,6,6,1,2,70,25,0,2,11,11,13,0,13,9,0,15,12,59,4,18,9,11,2,22,0,51,8,46,16,2,27,0,33,38,0,1,0,38,86,4,0,41,14,11,8,1
0,0,27,7,107,8,5,0,2,42,64,0,6,28,15,1,5,14,11,1,18,21,30,19,4,2,12,0,11,1,49,2,74,23,0,24,1716,7,51,16,9,0,8,103,2,1,14,7,15,7,0
23,0,32,2,155,3,5,1,1,84,65,3,9,34,16,7,0,16,15,1,21,8,77,14,5,1,5,24,5,1,34,11,74,12,0,23,0,5,43,0,24,1,21,99,10,0,21,10,13,14,0
11,0,7,-1,175,8,4,5,2,62,45,0,4,19,16,6,6,9,16,2,22,10,29,10,4,-1,27,12,10,2,43,2,79,24,2,20,0,1,45,0,11,7,4,104,8,1,15,6,2,5,0
26,0,30,0,104,4,0,4,2,46,61,1,0,13,7,8,0,18,0,0,18,3,84,12,9,6,2,1,9,3,33,0,69,0,1,9,0,0,33,0,25,0,0,67,2,0,7,0,5,4,0
0,0,-6,0,48,2,0,1,0,7,1,0,0,16,10,0,0,9,0,0,6,8,0,13,1,1,0,0,0,1,11,0,76,0,0,21,0,0,4,0,3,0,0,24,0,0,14,0,3,1,0
0,1,0,4,17,0,13,3,3,35,34,0,3,18,3,0,-8,7,25,1,4,20,12,2,0,2,1,1,0,0,26,3,88,42,0,10,0,1,6,0,0,1,14,19,0,2,14,7,0,3,0
10,0,19,8,95,11,17,6,1,64,23,0,4,17,16,0,0,4,14,2,16,7,80,3,23,83,2,5,7,0,49,9,49,15,2,11,0,5,56,0,13,0,7,58,2,0,20,11,2,11,2
6,0,4,7,129,5,10,4,3,44,51,2,6,30,20,0,13,24,9,4,22,14,35,16,3,25,0,-21,14,4,61,8,75,20,1,20,28,3,50,0,15,1,9,70,0,4,4,17,9,8,0
8,20,14,6,88,4,6,4,2,74,61,0,9,39,7,13,0,17,9,1,12,5,123,11,5,5,2,0,6,3,47,1,80,34,1,16,0,6,48,11,3,1,9,82,1,3,19,5,16,4,0
3,0,30,6,104,9,5,1,3,92,50,1,2,21,14,8,9,15,9,5,19,13,42,6,12,5,9,0,6,4,41,4,71,28,3,11,0,2,65,0,2,3,7,69,2,2,20,18,5,6,0
51,0,-2,1,82,2,0,6,2,74,39,0,0,23,5,3,0,13,0,1,22,10,76,10,14,4,8,8,0,0,40,0,77,0,1,18,0,3,32,0,12,1,0,52,0,0,15,0,3,10,0
0,0,2,1,34,11,0,0,1,35,1,0,0,10,7,0,0,8,0,1,7,7,0,15,0,0,1,0,0,4,9,0,48,0,0,24,0,0,22,0,15,0,0,33,0,0,17,0,5,-2,0
0,0,0,5,9,2,19,0,0,32,25,0,5,22,3,5,2,9,11,2,2,19,62,6,0,1,0,2,3,0,18,6,48,31,0,27,0,0,9,0,16,0,34,23,2,0,14,14,0,1,0
8,0,40,7,82,10,6,1,1,62,14,0,0,9,8,7,0,13,13,0,20,3,89,5,8,39,6,7,9,1,45,3,63,19,3,19,0,1,74,0,3,0,14,54,8,0,30,13,4,6,2
9,0,6,2,101,4,7,0,0,83,29,0,6,28,14,6,6,13,10,1,26,14,44,13,2,7,5,7,11,2,65,10,43,43,2,21,19,6,66,14,10,1,15,76,3,1,15,16,11,3,0
17,0,22,3,94,10,12,1,1,80,44,2,0,33,4,5,0,8,8,1,16,17,120,10,10,8,0,3,12,1,30,3,90,25,0,25,0,1,50,0,23,2,19,70,1,0,13,6,8,8,0
16,0,17,5,68,6,8,5,1,63,41,1,3,22,4,3,7,22,12,2,19,13,32,10,2,1,2,9,22,5,27,1,63,18,2,23,0,9,59,0,16,1,12,59,1,0,13,6,5,14,0
11,0,22,1,59,18,0,6,0,53,55,1,0,25,13,20,0,33,0,1,19,16,126,8,0,7,4,1,0,1,39,0,58,0,0,25,0,7,36,0,10,1,0,44,1,1,9,0,4,22,0
0,0,8,1,35,2,0,1,0,36,2,0,0,24,3,0,0,13,0,0,6,6,0,7,0,3,0,0,0,2,13,0,57,0,0,13,0,1,5,0,16,0,0,15,2,0,16,0,4,-1,0
1,13,0,2,-1,4,19,1,0,64,35,0,3,10,6,0,2,10,6,0,3,12,38,0,3,2,0,0,11,0,19,3,34,37,0,21,0,1,9,0,3,2,10,31,1,0,15,16,0,0,0
2,0,8,5,47,9,13,0,1,46,17,1,6,22,13,3,0,17,10,5,13,4,117,12,10,39,3,0,11,10,61,12,70,23,0,14,0,2,72,0,2,1,10,60,3,1,16,12,-159,21,2
25,0,6,1,87,8,13,5,4,72,67,3,5,33,19,1,15,9,15,1,23,12,37,22,5,13,1,0,4,3,49,12,30,36,0,14,72,2,60,16,37,1,8,71,4,1,13,12,11,40,0
8,0,23,9,105,12,4,2,1,54,57,1,0,36,11,0,0,12,9,4,19,16,116,15,2,3,3,1,11,5,20,7,71,12,5,19,0,1,48,0,23,0,17,66,7,0,16,13,1,8,0
9,0,19,4,153,11,13,1,0,77,30,0,1,33,8,19,4,4,6,2,17,16,39,16,4,6,1,1,5,2,25,9,52,20,1,22,0,4,33,0,2,5,9,55,5,0,19,12,5,8,0
17,0,14,2,116,7,0,1,0,78,22,0,0,32,5,2,0,12,0,5,16,7,141,10,0,7,3,1,0,1,34,0,53,0,2,19,0,3,30,0,9,0,0,55,1,1,7,0,0,19,0
0,0,6,2,45,2,0,0,1,29,0,0,0,27,11,7,0,4,0,0,9,4,0,6,0,3,0,0,0,1,12,0,47,0,0,24,0,3,19,0,14,0,0,16,1,0,14,0,7,-2,0
0,1,0,4,0,2,15,0,0,39,15,1,6,28,1,0,3,8,11,1,12,18,27,3,8,2,0,0,9,0,16,6,55,40,0,17,0,1,16,0,4,3,8,41,0,1,16,8,0,0,0
0,0,11,5,83,14,5,0,0,92,14,0,0,19,12,1,0,7,12,0,13,5,132,11,14,59,3,-1,7,1,42,10,55,9,0,17,0,6,51,0,0,3,12,80,13,0,16,21,9,15,3
17,0,5,2,60,17,7,2,3,79,26,1,0,30,10,2,14,10,13,1,17,14,45,17,2,6,1,1,7,1,49,2,54,21,3,19,44,1,49,15,12,3,11,60,2,0,21,11,12,14,0
16,1,7,3,109,8,7,1,1,71,21,1,1,40,6,18,0,6,7,2,22,5,122,13,3,4,2,4,3,3,33,4,46,17,2,14,0,5,60,0,22,1,17,56,0,1,17,14,6,18,0
20,0,24,2,131,7,6,0,0,86,40,0,8,35,17,3,17,11,8,1,19,5,31,12,2,2,12,5,8,0,29,9,47,42,0,13,0,8,36,0,8,3,10,56,4,0,13,11,6,11,0
12,0,16,1,67,3,0,7,0,65,29,1,0,22,8,1,0,19,0,1,18,8,124,8,0,3,0,-2,0,3,22,0,50,0,0,12,0,6,31,0,20,0,0,43,0,0,11,0,7,27,0
0,0,2,1,24,2,0,0,0,31,-1,1,0,30,12,1,0,8,0,0,2,6,0,7,0,2,0,-1,0,1,10,0,34,0,0,11,0,2,9,0,6,0,0,17,1,0,10,0,0,0,0
0,0,0,3,5,0,16,5,0,52,1,0,0,12,1,0,0,11,5,0,1,16,34,0,6,4,0,-5,8,0,9,8,38,10,0,16,0,3,35,0,4,1,21,22,1,0,7,22,3,0,0
7,2,19,6,44,14,2,3,3,48,24,0,-3,26,14,4,0,23,13,2,8,0,102,9,6,14,1,0,3,3,31,2,36,11,3,14,0,16,49,0,0,0,16,54,11,2,17,7,5,14,2
12,2,2,7,44,31,5,0,2,51,48,1,6,24,10,5,13,10,12,1,18,14,17,15,4,8,2,9,6,9,41,3,46,29,0,16,46,11,32,15,7,7,4,66,13,1,15,21,14,21,0
4,0,8,6,70,21,7,4,0,47,19,0,0,35,5,3,0,7,6,0,12,10,119,19,3,6,2,30,8,4,24,1,44,23,1,17,0,12,58,0,16,1,9,55,6,0,27,12,3,19,0
23,0,9,7,25,9,5,3,1,71,23,1,5,49,16,1,9,6,9,1,12,20,32,9,7,8,1,0,7,3,26,1,51,9,1,14,0,10,22,0,8,2,7,63,1,0,30,-5,5,1,0
14,0,12,3,57,10,0,0,2,56,22,1,0,46,5,2,0,5,0,2,18,5,112,3,0,4,0,0,0,2,20,0,11,0,0,17,0,3,21,0,11,0,0,37,2,0,17,0,1,5,0
0,0,0,1,20,8,0,0,2,19,1,1,0,23,9,6,0,8,0,1,6,6,0,10,0,0,0,0,0,1,9,0,46,0,0,15,0,2,53,0,15,0,0,1,0,0,10,0,4,0,0
0,11,7,2,5,0,21,0,2,58,0,0,0,7,6,0,2,6,11,1,2,19,22,0,3,1,0,-20,3,1,14,3,29,29,0,11,0,3,34,0,1,2,15,31,1,0,11,19,1,0,0
5,4,14,9,35,6,4,0,0,94,26,0,4,21,21,7,0,11,11,2,16,7,87,14,11,116,4,-9,7,6,23,2,33,20,0,13,0,4,30,0,2,1,12,40,12,2,13,13,1,14,0
2,1,17,0,49,16,6,1,2,44,34,0,1,28,11,5,13,5,9,2,13,15,31,15,1,16,0,-12,5,1,32,4,24,27,2,21,40,7,43,0,11,0,14,69,4,1,6,20,4,6,1
32,0,12,3,54,6,4,0,1,76,22,0,6,42,7,7,0,15,8,9,6,8,82,8,9,5,2,-3,5,1,23,4,30,12,1,16,0,5,51,0,2,7,11,47,4,0,20,17,2,2,0
3,0,22,3,64,19,4,2,0,94,38,2,0,20,22,9,4,5,5,2,16,11,38,21,1,9,0,8,2,0,17,5,28,8,0,11,0,7,20,0,3,0,16,42,10,0,6,12,3,11,0
32,0,16,5,33,6,0,5,0,22,25,0,0,43,6,0,0,7,0,1,21,5,89,9,0,3,-1,0,0,3,14,0,27,0,0,19,0,5,37,0,2,0,0,39,1,0,23,0,0,3,0
0,0,8,1,14,2,0,0,2,11,0,2,0,24,0,0,0,11,0,1,12,5,0,7,0,0,0,0,0,0,7,0,17,0,0,7,0,4,9,0,10,0,0,16,0,0,9,0,0,0,0
0,0,0,3,8,4,7,0,3,27,3,0,6,10,1,0,1,4,13,2,10,2,14,0,6,0,0,1,7,0,9,114,30,29,0,18,0,2,23,14,6,3,13,24,2,0,10,7,3,1,0
12,0,14,4,50,11,2,0,0,80,38,0,1,17,12,4,0,5,13,2,14,10,71,11,13,43,3,-13,4,0,24,-114,19,17,0,15,0,4,33,0,15,0,7,39,0,0,21,13,7,11,6
14,0,7,3,32,11,6,1,1,66,35,0,1,26,6,5,9,19,14,1,13,6,14,12,4,18,1,0,7,2,35,123,27,27,2,15,373,11,32,0,3,0,6,62,0,0,6,19,6,5,0
2,0,18,2,153,14,3,0,1,86,39,2,2,42,12,4,0,4,8,0,549,9,63,10,2,9,3,0,8,3,14,5,20,24,1,15,0,21,51,0,3,0,21,51,2,0,9,13,4,49,0
6,0,14,1,7,7,8,0,0,41,42,0,0,21,12,6,9,10,6,0,9,4,23,5,6,5,2,0,8,2,12,4,24,23,2,16,0,5,45,0,15,6,13,55,3,0,4,11,0,16,0
0,0,20,0,18,24,0,1,0,0,17,1,0,37,19,2,0,24,0,0,5,14,52,10,0,1,1,0,0,1,16,0,24,0,0,6,0,1,15,0,2,0,0,35,4,0,4,0,0,0,0
0,0,0,2,6,4,0,0,0,0,0,1,0,18,5,0,0,20,0,0,6,4,0,8,0,0,0,0,0,1,6,0,18,0,0,10,0,2,6,0,4,0,0,14,0,0,13,0,0,0,0
0,0,0,1,7,0,0,0,0,0,0,0,0,33,0,0,0,4,0,0,2,0,0,0,6,2,0,0,0,0,5,0,14,0,0,11,0,3,5,0,4,4,0,3,1,0,13,0,0,26,0
10,0,0,1,24,-1,6,0,2,95,1,0,0,8,8,2,0,261,16,0,0,11,13,1,2,1,0,0,4,0,7,1,24,23,0,14,0,3,0,0,0,0,14,17,0,0,8,24,5,19,0
11,0,20,1,40,11,3,5,1,55,29,0,7,7,9,4,4,4,3,2,5,3,34,0,4,38,8,0,3,0,28,4,9,9,0,9,25,2,45,0,3,5,9,50,3,0,12,12,3,19,0
21,0,5,7,79,13,-2,2,1,49,30,1,4,23,19,4,0,6,10,10,12,7,62,10,2,7,6,0,6,1,6,5,22,20,3,10,0,7,36,6,0,1,7,58,3,0,10,20,7,29,0
10,0,20,3,55,8,1,6,0,0,41,0,0,15,5,2,4,9,10,1,9,10,24,8,1,10,5,0,1,1,12,7,55,21,0,9,0,3,30,0,5,2,4,43,3,1,6,15,6,31,0
0,0,25,1,231,2,0,3,0,0,43,1,0,32,23,1,0,5,0,1,7,4,77,16,0,4,0,0,0,0,8,0,20,0,1,13,0,5,18,0,8,0,0,25,0,0,7,0,0,0,0
0,0,2,0,16,0,0,0,0,0,0,3,0,37,0,4,0,7,0,0,4,4,0,4,0,-1,0,0,0,0,6,0,29,0,0,6,0,3,5,0,2,0,0,18,0,0,7,0,0,0,0
19,0,0,3,2,12,7,0,0,0,0,0,5,14,2,1,16,5,4,0,4,4,12,2,8,3,1,0,7,2,6,6,10,48,0,9,0,0,12,0,0,0,3,17,2,0,9,13,8,11,0
3,0,13,3,10,14,2,0,1,0,38,0,-1,11,9,5,0,6,3,1,10,2,58,2,10,33,1,0,3,0,0,1,20,13,0,8,0,6,35,0,0,1,13,41,3,0,8,-71,1,16,0
29,0,2,2,44,12,2,0,0,0,20,0,11,23,11,6,3,12,9,3,6,0,9,8,4,15,2,0,7,0,31,5,8,18,1,15,9,16,22,6,7,0,2,37,2,0,7,15,24,14,6
3,0,27,2,30,15,3,2,0,0,41,0,0,17,2,11,0,17,7,0,12,12,45,7,1,3,2,0,4,3,6,3,12,16,0,9,0,10,21,0,0,3,2,32,1,0,10,10,2,12,0
14,4,-2,3,-74,11,1,0,0,0,32,1,0,21,4,2,3,9,10,1,6,8,8,12,5,3,3,0,1,0,2,2,21,19,3,7,0,0,19,0,15,0,37,43,0,0,13,12,1,6,0
0,0,21,1,2,11,0,0,1,0,26,0,0,15,29,2,0,8,0,1,6,2,58,7,0,1,0,0,0,0,0,0,19,0,0,12,0,3,8,0,0,0,0,23,4,0,10,0,0,0,0
0,0,7,1,-4,1,0,0,0,0,2,0,0,11,0,3,0,3,0,0,2,0,0,9,0,0,0,0,0,0,6,0,11,0,0,3,0,1,14,0,4,0,0,17,0,0,14,0,0,0,0
8,0,0,2,8,1,2,0,0,0,1,0,0,9,2,0,18,5,7,0,0,8,9,5,1,3,2,0,4,3,4,5,9,27,0,12,0,0,11,0,10,0,0,11,0,0,11,-33,4,2,0
7,0,11,6,17,10,0,0,0,0,12,0,0,13,6,1,0,8,5,3,7,2,30,1,7,20,4,0,5,1,11,0,12,4,1,13,0,7,24,0,0,0,6,27,0,0,10,18,3,8,9
7,0,12,-2,25,9,2,0,1,0,51,1,6,21,11,6,3,4,10,5,9,4,5,5,7,2,2,0,4,0,12,3,3,18,1,10,29,7,17,5,-4,0,2,40,1,0,2,1,5,18,0
0,0,18,2,58,4,1,0,1,0,28,0,0,16,1,0,0,3,7,1,6,4,25,4,1,5,2,0,7,2,7,5,8,6,1,7,0,1,15,0,4,1,0,33,0,0,6,9,2,5,0
18,0,13,5,32,10,4,0,1,0,31,3,0,13,2,0,1,2,11,0,4,3,14,4,2,1,0,0,7,1,4,6,10,20,0,7,0,5,13,0,2,0,10,43,2,0,6,10,0,1,0
0,0,16,0,35,9,0,3,0,0,25,1,0,0,29,3,0,4,0,0,5,3,0,5,0,2,0,0,0,0,4,0,8,0,0,4,0,3,0,0,0,0,0,15,2,0,1,0,0,0,0
0,0,5,0,8,-1,0,1,0,0,0,2,0,0,0,2,0,3,0,0,1,5,0,9,0,0,0,0,0,0,2,0,3,0,0,6,0,1,7,0,0,0,0,12,2,0,8,0,0,0,0
5,0,0,2,8,5,-1,0,0,0,0,0,14,26,4,0,0,3,5,0,0,6,36,4,7,1,1,0,-3,0,3,10,7,28,0,10,0,2,2,0,9,0,8,8,0,0,9,18,0,17,0
0,0,15,8,40,4,2,8,0,0,11,0,4,6,8,3,0,4,6,0,7,1,15,1,12,15,3,0,7,1,15,4,12,14,3,5,0,1,36,0,3,0,10,32,3,0,7,5,7,3,0
17,1,10,3,69,14,0,2,0,0,21,0,0,8,5,3,10,2,10,2,7,5,2,5,0,4,2,0,1,1,18,2,5,11,0,6,30,2,8,2,0,2,5,33,3,0,1,46,2,10,6
0,0,7,3,71,11,3,0,0,0,16,0,3,18,4,4,0,4,8,0,7,4,31,6,1,1,4,0,10,0,6,2,2,15,1,5,0,1,15,0,1,0,4,34,1,0,13,9,4,15,0
8,0,28,3,58,6,1,0,0,0,2,1,2,8,3,1,8,4,6,2,3,1,14,11,4,4,1,0,3,2,12,1,10,4,0,2,0,1,9,0,14,1,0,29,14,0,15,4,0,7,0
0,0,11,0,39,-1,0,1,0,0,24,2,0,0,0,6,0,3,0,0,5,2,0,6,0,3,0,0,0,0,6,0,10,0,1,4,0,2,6,0,0,0,7,19,4,0,6,0,0,0,0
0,0,-1,0,12,7,0,0,0,0,0,0,0,0,0,2,0,3,0,0,2,1,0,4,0,0,0,0,0,0,3,0,11,0,0,4,0,0,9,0,0,0,0,8,8,0,-6,0,0,0,0
2,0,0,4,6,-1,1,0,0,0,0,0,0,20,13,0,3,2,5,0,1,2,5,5,6,0,0,0,3,0,1,1,7,8,0,5,0,0,6,0,-5,0,7,6,2,0,6,9,2,10,0
0,0,17,8,25,12,0,0,0,0,17,0,4,4,8,1,0,5,4,0,0,1,31,0,11,41,3,0,8,0,6,2,6,4,0,4,0,7,13,0,3,3,7,29,3,0,10,9,1,17,7
14,3,6,4,74,6,2,0,0,0,10,1,3,4,6,4,6,3,6,0,4,1,3,7,0,9,0,0,3,1,13,2,2,13,0,7,4,4,8,4,2,2,-2,29,3,0,3,10,12,2,0
0,0,3,0,40,4,1,0,0,0,5,1,2,10,5,2,0,3,10,1,6,3,15,5,3,5,1,0,11,0,5,3,10,-3,0,6,0,4,9,0,7,3,6,73,4,1,4,8,6,6,0
6,0,22,4,9,4,0,1,0,0,14,0,4,8,8,2,2,6,9,1,1,2,-4,6,4,17,0,0,5,0,5,1,5,0,0,6,0,3,8,0,4,0,9,43,3,1,4,1,2,1,0
0,0,14,0,0,12,0,0,0,0,0,0,0,0,0,4,0,8,0,0,3,0,0,5,0,8,0,0,0,0,5,0,0,0,0,2,0,0,9,0,0,0,0,20,0,0,0,0,0,0,0
0,0,4,0,0,3,0,0,0,0,0,0,0,0,0,0,0,3,0,0,1,0,0,0,0,2,0,0,0,0,1,0,8,0,0,4,0,0,2,0,0,0,0,9,0,0,4,0,0,0,0
0,0,0,7,76,0,0,0,0,0,0,0,0,0,0,0,0,2,0,0,1,0,0,0,0,0,0,0,0,0,4,0,3,0,0,5,0,0,0,0,11,0,0,0,0,0,4,0,0,9,0
0,0,21,6,39,0,0,0,1,0,13,0,1,27,20,2,0,3,6,0,1,8,22,5,6,0,2,0,5,1,0,2,10,21,0,8,0,1,2,0,0,0,6,24,7,0,3,21,2,0,4
29,0,4,7,51,7,-1,0,1,0,10,0,3,6,7,1,7,5,2,1,6,3,0,0,11,30,3,0,3,1,13,1,5,5,0,5,18,6,10,2,2,1,6,25,2,0,2,13,0,10,0
0,0,-1,11,56,3,1,0,0,0,3,1,1,11,16,0,1,3,6,0,3,3,0,2,1,4,1,0,2,0,3,6,5,15,2,3,0,2,11,0,1,0,9,36,2,0,5,13,3,4,0
11,2,6,4,15,10,0,0,0,0,16,0,2,8,5,0,10,2,10,1,2,0,28,5,2,7,1,0,13,1,3,1,6,8,2,3,0,2,7,0,2,0,4,39,4,0,7,11,4,24,0
4,0,20,0,0,11,0,0,0,0,0,2,0,0,0,0,0,3,0,0,1,0,0,0,0,5,0,0,0,0,5,0,10,0,0,1,0,0,7,0,0,0,0,18,0,0,2,0,0,0,0
0,0,4,0,78,5,0,0,0,0,0,0,0,0,0,0,0,5,0,0,0,0,0,0,0,0,0,0,0,0,4,0,2,0,0,7,0,0,3,0,0,0,0,5,0,0,0,0,0,0,0
0,2,2,7,25,0,0,0,1,0,12,0,0,27,9,0,12,2,8,0,0,1,0,2,2,1,1,0,10,0,4,4,2,16,0,3,0,5,4,0,10,0,12,32,6,0,0,3,2,3,0
0,0,20,15,21,8,0,0,0,0,26,0,0,12,10,0,0,6,9,0,4,0,32,3,10,52,2,0,1,6,7,1,4,4,0,4,0,3,9,0,0,0,8,29,3,0,9,22,-1,4,9
26,0,21,7,25,8,0,1,1,0,2,0,0,7,6,9,1,5,10,5,4,1,0,3,5,15,7,0,6,0,11,3,10,9,4,5,11,3,13,1,4,1,8,37,4,0,8,5,7,7,0
11,0,7,4,71,3,3,0,0,0,19,1,4,7,1,0,8,5,13,10,3,4,0,2,4,10,3,0,15,0,2,10,4,7,0,3,0,7,10,0,5,1,4,36,4,0,4,8,1,2,0
3,0,17,11,4,4,0,1,1,0,11,1,4,7,1,0,-5,3,7,1,4,3,17,3,5,7,5,0,6,0,2,7,1,4,0,6,0,7,4,0,-3,0,0,29,3,0,6,7,2,11,0
1,0,0,0,0,10,0,0,0,0,0,0,0,0,0,0,0,8,0,4,3,0,0,0,0,5,0,0,0,0,5,0,8,0,1,5,0,0,4,0,0,0,0,24,0,0,0,0,0,0,0
0,0,17,0,33,1,0,0,0,0,0,0,0,0,0,0,-3,5,0,0,1,0,0,0,0,0,0,0,0,0,3,0,8,0,0,6,0,0,2,0,0,0,-3,11,0,0,0,0,0,0,0
0,0,0,15,21,-1,0,0,0,0,6,0,3,20,11,0,0,4,13,0,0,4,0,3,3,3,1,0,3,1,6,4,4,12,0,7,0,9,3,0,-5,0,5,12,3,1,6,1,0,3,0
17,0,0,0,8,3,0,0,0,0,8,0,1,6,5,0,0,3,20,0,3,10,15,1,9,41,1,0,0,2,12,4,4,6,0,9,0,6,10,0,3,0,8,26,4,0,4,13,0,11,6
2,1,10,13,31,6,0,0,0,0,22,1,2,9,6,12,0,2,13,5,6,1,0,5,8,8,1,0,28,0,5,5,6,9,1,7,37,1,8,6,10,2,4,39,4,0,4,7,1,6,0
6,0,10,15,34,6,4,0,0,0,12,3,1,6,-1,0,30,2,15,4,6,7,0,4,9,8,1,0,8,1,2,2,7,12,0,3,0,1,6,0,6,0,15,31,1,0,2,3,14,5,0
4,2,7,6,22,9,0,1,0,0,8,0,3,4,2,0,22,4,11,0,3,5,22,2,8,15,0,0,20,0,4,3,4,8,0,6,0,2,1,0,2,0,7,47,0,0,7,0,2,6,0
11,0,26,7,1,0,0,0,0,0,0,0,0,0,0,0,0,3,0,6,4,0,0,0,0,10,0,0,0,0,5,0,2,0,0,5,0,0,3,0,0,0,0,24,0,0,0,12,0,0,0
0,0,1,6,42,0,0,0,0,0,0,2,0,0,0,0,0,2,0,0,0,0,0,0,0,0,0,0,0,0,2,0,9,0,0,6,0,0,4,0,0,0,0,12,0,0,0,0,0,0,0
0,0,0,23,19,14,2,0,1,0,14,0,5,8,0,0,4,2,14,0,1,7,0,3,6,2,0,0,20,0,4,3,6,10,0,7,0,2,0,0,4,0,19,19,9,0,6,11,0,13,0
9,0,12,10,30,-2,0,0,0,0,15,0,1,5,15,0,0,4,20,1,4,12,17,3,15,62,4,0,17,1,7,2,2,10,0,6,0,5,4,0,1,0,20,41,7,0,9,8,0,-69,10
18,2,2,12,39,2,0,0,1,0,10,3,1,5,12,13,4,2,14,1,1,6,0,4,6,24,5,0,20,0,3,5,10,16,0,4,31,6,7,2,11,2,12,71,6,0,7,3,3,98,0
0,0,15,11,45,11,5,2,1,0,11,2,5,13,6,0,4,2,20,0,2,8,0,3,4,5,0,0,26,1,1,1,4,12,0,6,0,6,4,0,10,0,8,37,3,0,3,19,5,5,0
0,3,24,13,14,10,0,130,0,0,11,3,2,8,6,0,8,7,31,0,2,3,23,5,10,9,0,0,12,0,5,2,8,17,1,7,0,3,8,0,0,0,1,62,1,1,7,3,2,3,0
26,0,22,18,0,0,0,3,0,0,0,0,0,0,0,0,0,6,0,1,5,0,0,0,0,18,0,0,0,0,7,0,10,0,0,11,0,0,0,0,0,0,0,29,0,0,0,0,0,0,0
0,0,5,16,139,0,0,0,0,0,0,0,0,0,0,0,0,3,0,0,3,0,0,0,0,3,0,0,0,0,5,0,8,0,0,7,0,0,6,0,0,0,0,19,0,0,0,0,0,0,0
0,0,1,42,18,11,0,0,0,0,20,0,6,11,7,0,0,5,27,0,0,2,0,6,13,4,4,0,6,0,-1,4,7,35,0,10,0,5,1,0,11,0,25,33,15,0,2,5,3,5,0
6,2,30,16,43,1,-1,0,0,0,24,1,6,7,13,0,0,4,59,0,5,2,29,4,34,87,8,0,11,1,8,1,10,9,1,14,0,9,11,0,2,0,17,66,5,0,2,9,5,4,10
19,2,7,15,57,6,0,0,0,0,11,0,1,18,14,10,3,10,44,0,4,0,0,5,7,26,2,0,24,1,11,1,3,21,1,8,46,5,15,1,13,7,10,62,8,0,5,9,2,3,0
13,5,11,17,34,7,4,0,0,0,30,0,4,14,5,0,28,4,33,0,6,7,0,5,16,24,2,0,26,0,4,3,16,24,0,9,0,8,7,0,9,0,15,81,7,0,5,10,5,3,0
26,0,42,22,34,8,0,0,0,0,32,2,3,13,9,0,13,6,48,0,6,2,5,6,8,22,2,0,26,0,7,6,8,12,1,10,0,4,8,0,11,0,29,69,8,0,12,13,4,-5,0
24,0,34,21,38,0,0,2,0,0,0,2,0,0,0,0,0,4,0,1,3,0,0,0,0,9,0,0,0,0,9,0,32,0,0,8,0,0,2,0,0,0,0,54,0,0,0,0,0,0,0
0,0,12,11,15,0,0,0,0,0,0,0,0,0,0,0,0,4,0,0,1,0,0,0,0,1,0,0,0,0,5,0,13,0,0,18,0,0,0,0,0,0,0,27,0,0,0,0,0,0,0
1,1,0,21,12,20,0,0,0,0,27,1,7,29,10,0,22,7,50,0,0,3,7,4,28,0,1,0,35,0,0,0,6,23,0,18,0,14,3,0,31,0,17,39,9,2,13,9,7,6,0
23,1,12,24,-364,12,1,1,0,0,31,0,2,10,27,0,0,7,93,0,8,14,0,7,36,138,3,0,40,2,9,5,10,9,0,16,0,9,11,0,11,0,39,104,8,1,7,10,0,5,7
41,0,6,20,60,3,0,0,0,0,29,2,10,9,19,17,35,14,55,0,4,9,24,10,25,16,0,0,16,2,6,7,35,22,1,14,63,8,11,4,15,1,9,108,7,0,3,17,0,3,0
35,3,6,30,56,10,10,1,1,0,36,1,0,24,6,0,0,6,54,2,6,10,0,8,20,20,3,0,24,1,7,4,28,16,2,21,0,8,16,0,12,0,20,118,3,1,2,11,3,3,0
41,0,23,36,45,9,0,0,0,0,47,1,9,19,12,0,29,12,57,1,4,11,32,6,31,8,1,0,40,1,9,5,16,20,0,19,0,7,16,0,20,1,29,145,4,0,16,24,1,5,0
0,0,27,13,39,0,0,1,0,0,0,1,0,0,0,0,0,8,0,0,8,0,0,0,0,20,0,0,0,0,11,0,13,0,0,18,0,0,9,0,0,0,0,87,0,0,0,0,0,0,0
33,0,2,22,25,0,0,0,0,0,0,4,0,0,0,0,0,8,0,0,1,0,0,0,0,1,0,0,0,0,3,0,21,0,0,14,0,0,0,0,0,0,0,41,0,0,0,0,0,0,0
1,0,0,31,11,9,0,0,0,0,33,0,6,30,16,0,9,9,65,0,2,5,20,5,52,1,6,0,30,0,1,5,8,54,0,28,0,14,0,0,69,1,45,49,12,0,19,9,2,2,0
33,5,3,41,76,6,-3,2,1,0,44,0,7,16,29,0,0,8,122,3,6,7,0,3,67,120,7,0,33,1,19,4,32,15,3,29,0,15,27,0,7,2,31,99,0,0,7,21,12,12,16
40,4,37,26,94,8,3,9,2,0,41,2,22,45,25,16,0,9,87,2,5,10,49,5,36,9,6,0,25,0,6,4,14,57,0,28,82,11,25,3,25,1,27,177,11,3,7,28,7,17,0
42,0,4,16,120,4,23,2,2,0,47,4,1,14,15,0,0,9,58,12,8,4,0,8,21,10,3,0,11,1,10,4,24,53,1,29,0,19,22,0,42,1,51,208,15,1,6,33,4,3,0
28,2,53,33,85,8,7,0,0,0,47,4,2,18,14,0,98,40,67,1,6,6,40,10,54,17,3,0,21,0,8,9,11,54,1,30,0,18,19,0,31,0,47,192,9,2,9,26,7,12,0
58,0,36,31,86,0,0,3,0,0,0,1,0,0,0,0,0,15,0,2,17,0,0,0,0,23,0,0,0,0,11,0,42,0,1,32,0,0,15,0,0,0,0,171,0,0,0,0,0,0,0
0,0,3,29,16,0,0,0,0,0,0,1,0,0,0,0,0,9,0,0,1,0,0,0,0,3,0,0,0,0,2,0,14,0,0,33,0,0,1,0,0,0,0,57,0,0,0,0,0,0,0
0,0,0,30,22,11,-2,0,0,0,65,0,18,44,31,0,0,17,59,0,2,4,12,7,56,3,5,0,26,5,3,9,25,61,0,22,0,24,1,0,101,0,61,63,12,0,28,27,8,5,0
0,13,38,45,94,6,0,3,0,0,45,1,7,15,57,0,3,17,139,0,10,16,0,8,111,163,8,0,46,3,20,2,14,32,2,46,0,30,22,0,10,0,31,203,8,0,18,34,1,33,26
0,11,0,25,129,4,0,12,0,0,88,8,8,40,18,42,37,65,110,2,6,5,41,7,22,25,5,0,24,3,21,5,24,60,2,36,136,20,33,10,33,2,0,249,12,1,22,31,19,10,0
103,0,23,32,103,7,20,3,3,0,92,0,3,59,12,0,0,27,72,0,5,13,0,11,34,13,8,0,22,2,11,9,32,60,1,34,0,9,27,0,56,1,67,257,10,2,14,23,13,13,0
50,0,63,30,106,16,3,3,1,0,59,9,8,14,21,0,12,18,61,2,9,7,74,6,65,29,2,0,35,5,19,8,29,47,4,32,0,20,22,0,39,2,43,290,9,2,40,36,5,9,0
66,0,55,18,110,0,0,2,0,0,0,5,0,0,0,0,0,13,0,2,8,0,0,0,0,14,0,0,0,0,18,0,7,0,0,37,0,0,25,0,0,0,0,232,0,0,0,0,10,0,0
3,0,8,25,19,0,0,0,0,0,0,2,0,0,0,0,0,18,0,0,2,0,0,0,0,5,0,0,0,0,5,0,40,0,0,34,0,0,4,0,0,0,0,108,0,0,0,0,0,0,0
0,0,0,33,33,18,0,0,0,0,85,0,4,38,44,0,10,25,0,0,0,10,26,6,82,1,4,0,46,1,15,7,27,93,0,42,0,40,5,0,110,5,82,123,5,0,41,27,10,7,0
61,6,-1,22,125,13,0,3,1,0,94,0,32,26,69,0,0,23,0,2,11,17,0,6,48,134,13,0,31,1,18,6,25,56,0,39,0,43,21,0,36,2,56,236,6,1,32,40,10,17,23
8,4,67,35,160,9,0,7,1,0,124,12,8,26,29,39,24,12,223,2,19,11,68,6,81,41,3,0,29,3,20,11,25,61,1,54,189,23,0,11,86,0,32,337,6,1,19,37,22,34,0
39,0,26,34,119,19,36,1,0,0,131,4,8,51,23,0,1,45,74,3,14,15,0,22,17,15,4,0,26,1,17,15,48,96,1,54,0,27,90,0,59,2,37,323,12,2,18,32,11,13,0
64,0,80,19,138,24,0,0,1,0,110,7,0,37,20,0,50,24,51,3,9,14,55,5,33,19,4,0,18,5,10,8,30,83,2,51,0,24,27,0,38,1,73,291,6,1,20,48,0,12,0
20,0,38,16,102,0,0,3,0,0,0,1,0,0,0,0,0,29,0,0,14,0,0,0,0,7,0,0,0,0,13,0,17,0,0,59,0,0,26,0,0,0,0,277,0,1,0,0,7,0,0
1,0,1,19,57,0,0,0,0,0,0,10,0,0,0,0,0,17,0,0,2,0,0,0,0,8,0,0,0,0,6,0,47,0,0,47,0,0,15,0,0,0,0,148,0,1,0,0,0,0,0
1,0,1,13,39,31,0,0,0,0,0,2,0,0,0,0,0,9,0,0,5,0,0,0,124,2,0,0,0,0,4,0,29,0,0,43,0,0,3,0,164,0,0,47,0,0,30,0,24,15,0
4,2,54,38,32,1,1,0,1,0,216,0,30,66,51,0,0,5,72,0,5,12,32,12,21,5,3,0,21,4,26,10,36,123,0,62,0,40,12,0,27,1,91,171,27,0,18,52,3,1,21
68,6,26,34,183,16,19,3,0,0,48,0,17,61,86,30,62,30,136,6,20,16,54,9,102,146,14,0,33,1,29,15,19,63,3,57,207,61,38,6,24,3,83,289,7,0,30,48,18,20,0
64,0,62,27,134,12,1,6,1,0,181,7,21,21,50,0,0,36,77,5,27,18,0,9,83,29,2,0,44,5,17,8,51,110,4,68,0,21,52,2,54,2,73,411,10,1,33,59,20,32,0
53,2,6,30,237,20,8,0,1,0,148,7,13,46,22,0,73,32,64,8,12,17,64,18,35,21,4,0,21,5,15,20,41,71,0,54,0,20,37,0,99,5,10,404,21,1,26,68,18,24,0
68,0,36,33,89,0,0,0,0,0,0,12,12,0,0,0,0,18,0,2,9,0,0,0,0,16,0,0,0,0,15,0,37,0,2,67,0,0,29,0,0,0,0,319,0,3,0,0,0,0,0
3,0,4,35,13,0,0,0,0,0,0,7,0,0,0,0,0,21,0,0,8,0,0,0,0,3,0,0,0,0,4,0,20,0,0,65,0,0,0,0,0,0,0,141,0,0,0,0,0,0,0
2,1,0,31,93,28,0,0,0,0,152,0,13,106,61,0,7,29,0,0,4,19,33,11,71,1,8,0,26,2,21,14,37,172,0,66,0,32,4,0,157,4,118,128,16,1,53,63,31,19,0
40,7,117,36,185,18,22,2,2,0,120,0,20,40,91,0,0,24,64,8,23,24,0,12,85,122,5,0,35,5,22,12,40,58,3,79,0,44,83,0,43,4,126,93,13,3,29,56,23,14,39
66,2,29,28,185,26,1,9,0,0,225,11,55,44,68,64,28,49,198,7,21,15,66,41,39,20,11,0,26,4,21,18,34,100,4,89,231,46,45,20,134,1,89,407,11,1,52,52,35,20,0
72,0,27,33,157,3,0,2,0,0,188,8,40,41,31,0,0,62,48,3,16,16,0,14,65,12,7,0,32,0,26,13,42,115,4,80,0,11,72,0,49,3,62,375,16,2,37,56,17,16,0
192,1,19,17,120,25,15,0,0,0,110,15,13,54,34,0,63,45,52,2,26,22,77,13,49,18,12,0,24,5,17,13,37,95,1,77,0,22,44,0,82,4,52,353,8,2,35,56,57,21,0
161,0,108,22,116,0,0,7,0,0,0,8,23,0,0,0,0,48,0,1,16,0,0,0,0,15,0,0,0,0,17,0,19,0,1,62,0,0,30,0,0,0,0,303,0,2,0,0,0,0,0
1,0,26,11,30,0,0,0,0,0,0,12,0,0,0,0,0,23,0,2,0,0,0,0,0,0,0,0,0,0,8,0,41,0,0,78,0,0,16,0,0,0,0,99,0,0,0,0,0,0,0
0,5,0,37,13,31,-1,0,3,0,180,0,13,93,69,0,51,17,55,0,0,10,37,10,56,1,10,0,35,1,12,14,21,161,0,95,0,25,6,0,107,5,108,111,17,0,70,70,54,10,0
250,6,71,17,127,23,15,7,1,0,167,0,13,22,81,0,0,31,85,18,27,25,0,18,61,198,14,0,38,4,38,11,51,35,7,90,0,30,68,0,107,3,0,331,24,3,52,44,17,18,37
205,1,74,29,151,13,7,2,0,0,190,12,25,38,71,82,4,52,99,5,25,24,92,14,22,18,13,0,30,4,24,19,39,130,2,62,276,26,66,16,85,1,225,399,12,0,45,58,26,23,0
133,7,69,20,150,15,-1,13,1,0,201,12,32,44,28,0,1,44,45,2,28,23,0,24,42,29,16,0,35,3,24,16,47,71,0,101,0,11,32,1,44,6,62,452,19,0,54,61,25,20,0
123,44,10,13,58,16,18,0,0,0,134,9,34,40,31,0,61,26,39,0,15,14,86,27,30,5,15,0,32,3,19,14,39,96,2,86,0,21,34,0,123,10,84,403,9,3,48,60,31,20,0
101,0,69,14,32,0,0,0,0,0,0,0,0,0,0,0,0,37,0,4,9,0,0,0,0,18,0,0,0,0,16,0,24,0,7,93,0,0,55,0,0,0,0,278,0,2,0,0,0,0,0
0,0,6,15,154,0,0,0,0,0,0,10,0,0,0,0,0,31,0,0,4,0,0,0,0,3,0,0,0,0,5,0,63,0,0,92,0,0,12,0,0,0,0,140,0,4,0,0,0,0,0
3,21,0,40,74,31,84,0,2,0,135,0,37,77,85,0,43,19,55,1,7,14,29,22,55,0,28,0,30,0,18,15,16,127,0,72,0,27,20,0,133,4,124,118,24,0,81,34,45,19,0
130,10,108,21,108,19,34,8,0,0,136,0,40,32,89,0,0,56,54,8,25,22,0,11,58,126,16,0,28,5,34,12,43,50,3,95,0,41,75,0,46,4,102,264,10,3,55,63,10,36,41
45,4,39,19,147,19,3,3,0,0,173,13,24,42,63,80,27,82,50,0,14,23,111,31,50,20,12,0,34,2,20,12,61,159,3,75,234,21,97,15,113,0,45,395,15,4,49,63,64,19,0
99,10,25,21,119,2,0,1,0,0,149,12,53,42,33,0,0,53,49,0,22,27,0,13,12,10,8,0,43,2,27,13,49,80,1,87,0,20,77,0,100,9,51,352,12,0,54,72,28,20,0
94,1,55,0,30,51,20,0,2,0,147,7,24,41,28,0,17,34,39,2,10,20,84,17,46,23,8,0,16,0,16,11,60,81,0,88,0,24,37,0,98,2,54,326,11,1,56,39,52,13,0
76,0,95,33,17,0,0,18,0,0,0,12,33,0,0,0,0,54,0,2,12,0,0,0,0,8,0,0,0,0,22,0,18,0,10,93,0,0,49,0,0,0,0,256,0,3,0,0,0,0,0
1,0,3,16,174,0,0,0,0,0,0,7,-1,0,0,0,0,22,0,0,3,0,0,0,0,4,0,0,0,0,7,0,23,0,0,80,0,0,29,0,0,0,0,129,0,0,0,0,0,0,0
1,1,0,12,37,32,0,0,2,0,188,3,19,59,80,0,2,26,39,0,3,12,64,21,42,2,5,0,22,4,16,11,41,114,0,83,0,8,16,0,132,15,118,130,8,2,102,42,47,33,0
71,3,74,23,132,17,16,3,1,0,173,0,10,23,69,0,0,15,41,10,21,21,0,0,61,120,26,0,33,5,37,7,34,45,2,88,0,44,80,0,27,1,78,274,11,0,47,53,5,26,45
70,3,39,6,163,22,1,2,1,0,186,7,48,53,71,88,36,51,34,29,23,27,108,52,19,27,13,0,25,3,17,10,39,181,6,82,264,33,111,12,55,6,41,363,14,4,44,56,65,10,0
63,5,32,21,156,28,0,0,1,0,177,8,24,36,29,0,0,50,37,1,23,22,0,32,10,11,9,0,0,4,9,14,19,74,5,88,0,59,92,0,72,3,62,252,9,1,32,56,27,19,0
81,1,37,8,53,40,0,20,1,0,118,7,53,35,27,0,20,31,34,4,17,17,93,20,33,5,9,0,38,0,19,15,54,85,1,86,0,23,93,0,73,1,51,50,11,4,44,50,69,17,0
101,0,31,21,24,0,0,0,0,0,0,4,5,0,0,0,0,53,0,5,18,0,0,0,0,5,0,0,0,0,20,0,28,0,7,81,0,0,0,0,0,0,0,3,0,3,0,0,0,0,0
1,0,32,167,121,0,0,0,0,0,0,4,0,0,0,0,0,21,0,0,6,0,0,0,0,1,0,0,0,0,7,0,25,0,0,75,0,0,0,0,0,0,0,2,0,0,0,0,0,0,0
1,4,0,134,66,34,0,0,0,0,0,4,0,0,73,0,15,23,31,0,3,0,35,25,22,5,0,0,30,0,6,0,52,103,0,85,0,20,0,0,105,0,26,56,0,0,0,42,41,48,0
10,16,71,15,109,23,0,8,0,0,182,0,35,64,44,0,0,34,34,1,13,37,0,10,41,5,15,0,30,12,21,16,38,26,10,83,0,82,151,0,22,6,105,18,30,4,144,-2,19,47,39
111,0,-6,19,143,38,38,0,1,0,87,6,30,39,30,97,9,26,30,7,28,19,125,24,26,93,15,0,22,2,29,14,62,97,6,83,189,33,170,13,37,0,46,1183,17,1,66,89,3,23,0
121,2,6,10,135,12,2,0,0,0,130,6,30,50,78,0,0,52,28,5,28,14,0,25,7,36,12,0,45,5,20,20,46,80,4,95,0,24,108,0,21,5,35,222,8,2,60,47,50,17,0
41,3,38,16,40,24,13,16,0,0,197,5,34,30,19,0,15,31,25,5,29,12,105,28,10,6,7,0,10,4,19,11,25,46,7,95,0,20,82,0,118,7,61,256,17,1,46,35,60,0,0
37,0,9,3,4,0,0,11,0,0,0,4,5,0,0,0,0,50,0,2,19,0,0,0,0,6,0,0,0,0,28,0,19,0,11,78,0,0,0,0,0,0,0,212,0,2,0,0,0,21,0
0,0,0,5,193,0,0,0,0,0,0,6,0,0,0,0,0,22,0,0,9,0,0,0,0,2,0,0,0,0,5,0,30,0,0,80,0,0,0,0,0,0,0,99,0,0,0,0,0,0,0
0,0,0,2,59,53,0,0,1,0,161,4,42,63,58,0,5,31,29,0,0,10,48,29,22,1,55,0,29,4,12,12,41,80,0,84,0,24,105,0,87,0,58,69,23,1,95,0,26,2,0
84,66,174,19,406,32,3,5,1,0,132,0,18,21,61,0,0,29,38,7,13,26,0,21,18,74,23,0,15,8,31,10,30,39,10,77,0,41,64,0,2,0,82,201,5,1,52,89,11,17,56
48,8,47,9,158,22,0,4,0,0,150,0,30,36,51,100,15,52,36,7,24,11,156,32,11,20,19,0,18,5,15,14,37,65,8,80,1131,9,134,5,47,16,81,261,11,2,47,48,74,26,0
9,1,49,7,170,23,0,4,1,0,101,4,31,36,26,0,0,53,22,4,21,21,0,26,9,8,14,0,29,2,22,7,55,56,5,82,0,40,94,0,44,9,49,230,12,2,39,46,19,19,13
58,6,51,18,126,35,22,0,0,0,157,3,26,27,21,0,26,29,16,2,14,15,135,22,13,11,8,0,10,4,23,14,35,69,11,67,0,9,88,0,60,4,55,230,10,0,44,34,25,33,0
28,0,30,12,13,0,0,19,0,0,0,2,10,0,0,0,0,30,0,7,13,0,0,0,0,4,0,0,0,0,20,0,30,0,4,83,0,0,59,0,0,0,0,177,0,0,0,0,0,0,0
1,0,11,14,9,0,0,0,0,0,0,3,0,0,0,0,0,28,0,0,6,0,0,0,0,-2,0,0,0,0,3,0,23,0,0,76,0,0,7,0,0,0,0,61,0,0,0,0,0,0,0
0,5,-1,11,93,57,0,0,0,0,118,0,15,58,50,0,30,23,18,0,3,20,54,22,34,0,12,0,24,0,12,15,55,102,0,71,0,11,7,0,87,2,0,72,22,0,77,29,29,40,0
17,11,102,14,186,22,13,4,1,0,95,0,45,34,42,0,0,25,16,25,22,25,0,22,33,52,46,0,30,0,33,10,34,21,17,75,0,23,79,0,6,8,85,151,10,5,48,31,24,45,25
8,2,81,19,139,23,0,1,0,0,104,1,28,25,60,117,102,20,10,7,19,14,160,31,2,25,16,0,23,1,33,15,35,47,11,66,177,16,142,12,39,3,52,232,22,2,34,43,30,26,0
52,5,-11,19,80,32,-1,4,1,0,86,2,8,42,35,0,0,32,19,6,23,15,0,41,5,9,8,0,31,0,20,12,30,42,5,67,0,24,95,0,66,3,28,168,9,2,43,31,63,20,0
48,4,63,9,104,23,13,16,2,0,122,4,25,22,17,0,70,49,22,3,10,11,136,16,11,7,17,0,0,0,12,10,40,73,5,81,0,14,85,0,46,1,27,189,18,4,37,43,17,26,0
41,0,57,17,-11,0,0,2,0,0,0,9,4,0,0,0,0,10,0,4,11,0,0,0,0,6,0,0,0,0,11,0,27,0,6,63,0,0,36,0,0,0,0,64,0,0,0,0,0,0,0
0,0,1,6,9,0,0,0,0,0,0,9,0,0,0,0,0,12,0,0,5,0,0,0,0,4,0,0,0,0,0,0,26,0,0,57,0,0,39,0,0,0,0,54,0,0,0,0,0,0,0
0,3,1,8,161,72,2,0,1,0,104,0,33,63,50,0,7,26,8,1,0,7,68,24,23,0,20,0,25,0,8,12,48,54,0,47,0,5,3,0,37,6,0,69,29,4,77,31,24,14,0
56,6,1,28,77,34,10,4,2,0,65,0,6,24,46,0,0,20,10,11,26,28,0,25,31,124,14,0,12,27,24,12,26,26,12,58,0,28,75,0,13,8,57,118,11,1,36,34,25,37,33
47,3,117,22,93,16,0,1,0,0,62,3,23,40,53,104,27,22,20,14,16,15,150,43,5,9,16,0,9,9,7,12,43,61,5,63,169,64,181,5,37,4,40,157,14,5,32,34,15,28,36
58,3,17,18,85,51,0,5,0,0,78,13,29,28,18,0,0,30,12,4,13,23,0,32,0,3,9,0,15,9,0,16,52,20,5,79,0,74,72,0,29,7,33,129,14,6,37,40,21,28,0
52,1,58,20,123,49,14,14,0,0,85,12,15,22,35,0,47,53,18,7,14,18,96,35,14,7,10,0,21,5,51,12,50,40,4,57,0,19,72,0,9,7,26,136,10,3,36,31,7,19,0
48,0,60,11,22,-1,0,4,0,0,0,5,2,0,0,0,0,35,0,3,24,0,0,0,0,7,0,0,0,0,18,0,32,0,3,42,0,0,42,0,0,0,0,112,0,1,0,0,0,0,0
0,0,1,14,14,0,0,0,0,0,0,11,0,0,0,0,0,19,0,0,2,0,0,0,0,0,0,0,0,0,5,0,20,0,0,50,0,0,0,0,0,0,0,43,0,0,0,0,0,0,0
0,53,0,0,119,92,0,0,0,0,0,0,32,38,19,0,38,26,7,0,0,6,52,34,5,0,8,0,46,2,7,11,37,66,0,52,0,58,18,0,55,0,0,52,14,0,65,29,30,34,0
45,28,77,25,37,21,16,5,0,0,150,0,3,22,59,0,0,43,27,8,15,24,0,20,25,83,14,0,19,14,27,11,44,19,5,58,0,35,77,0,2,3,91,102,13,3,35,31,20,26,55
38,9,39,3,176,31,3,1,0,0,98,6,22,20,16,97,78,42,13,2,18,21,187,43,4,39,14,0,19,4,15,13,35,35,6,60,0,75,196,3,25,7,27,19,11,1,36,-1,24,39,0
17,0,27,22,103,33,0,0,0,0,0,3,0,0,17,0,0,40,0,3,18,0,0,43,0,0,0,0,0,0,12,0,40,0,2,60,0,0,69,0,0,0,0,287,0,3,33,0,18,16,0
0,0,48,13,54,36,0,0,1,0,104,5,32,49,71,0,7,70,23,0,7,21,92,28,5,7,28,0,11,5,6,21,39,40,0,48,0,20,22,0,60,4,37,270,22,2,27,77,0,22,0
47,0,51,2,91,0,0,16,0,0,0,0,10,0,0,0,0,45,0,10,8,0,0,0,0,7,0,0,0,0,17,0,15,0,11,60,0,0,76,0,0,0,0,73,0,0,0,0,0,0,0
0,0,2,5,6,0,0,0,0,0,0,1,0,0,0,0,0,11,0,0,4,0,0,0,0,1,0,0,0,0,3,0,22,0,0,59,0,0,40,0,0,0,0,29,0,0,0,0,0,0,0
0,2,0,12,122,81,16,0,1,0,9,0,7,40,17,0,-4,10,14,0,2,30,99,0,16,0,11,0,36,8,5,22,32,26,0,57,0,53,16,0,50,8,15,49,26,1,71,56,26,27,0
18,7,83,13,66,56,0,2,0,0,26,0,33,20,42,0,0,38,9,13,19,25,0,51,12,62,23,0,28,8,23,12,44,25,8,62,0,52,72,0,9,5,56,71,13,1,30,39,40,35,49
26,2,16,3,106,26,8,0,0,0,115,7,16,23,41,102,20,36,16,0,20,21,275,46,2,6,10,0,11,8,20,12,33,52,8,63,0,18,150,13,22,3,49,129,11,3,21,27,22,36,0
18,0,56,4,147,51,4,11,1,0,63,7,25,30,29,0,2,40,11,11,12,9,0,32,5,76,17,0,16,8,10,23,44,48,7,65,0,13,96,0,14,6,6,138,14,3,26,30,19,23,0
20,20,78,9,141,44,15,0,0,0,59,6,19,37,26,0,-3,212,14,14,16,24,155,30,7,11,7,0,19,6,13,25,44,35,12,62,0,28,96,0,18,2,34,100,17,0,23,24,9,16,0
10,0,53,4,26,0,0,5,0,0,0,4,1,0,0,0,0,42,0,3,12,0,0,0,0,6,0,0,0,0,7,0,17,0,2,86,0,0,86,0,0,0,0,75,0,3,0,0,0,0,0
0,0,1,3,11,0,0,0,0,0,0,0,0,0,0,0,0,15,0,1,2,0,0,0,0,2,0,0,0,0,4,0,32,0,0,79,0,0,13,0,0,0,0,27,0,0,0,0,0,0,0
0,0,2,5,126,73,3,0,0,0,66,0,16,50,64,0,9,44,5,0,3,16,85,37,11,-71,20,0,12,10,11,14,25,33,0,69,0,103,7,0,32,4,33,46,14,1,56,29,31,15,0
13,2,120,7,83,61,0,3,0,0,59,0,21,17,51,0,0,53,14,28,13,26,0,37,13,73,38,0,23,6,30,12,35,12,9,80,0,49,72,0,7,9,53,94,15,1,25,38,13,42,0
16,6,36,16,154,52,12,2,0,0,57,6,8,19,17,86,2,35,9,3,16,20,313,53,9,15,7,0,19,4,12,21,48,34,6,91,0,50,98,17,19,2,50,87,13,0,24,31,47,49,0
13,0,75,9,5,17,0,9,0,0,0,6,0,0,0,0,29,24,0,0,0,0,0,0,0,0,0,0,0,0,16,0,24,0,7,78,0,0,146,0,-1,0,0,0,0,0,19,0,0,18,0
0,7,4,0,31,19,0,0,0,0,0,1,0,0,0,0,0,33,0,0,0,22,0,56,0,0,19,0,0,0,3,0,21,0,0,76,0,0,0,0,36,0,0,0,17,0,19,0,0,4,0
0,0,47,1,23,0,0,0,0,0,0,0,8,0,0,0,0,25,0,0,19,0,0,0,0,3,0,0,0,0,9,0,58,0,2,99,0,0,4,0,0,0,0,0,0,0,0,0,0,0,0
0,0,5,0,7,0,0,0,0,0,0,3,0,0,0,0,0,22,0,0,5,0,0,0,0,1,0,0,0,0,4,0,27,0,1,103,0,0,32,0,0,0,0,0,0,0,0,0,0,0,0
1,1,1,2,208,51,-1,0,0,0,112,0,22,78,48,0,13,14,17,4,2,22,156,44,2,8,7,0,13,9,9,45,49,38,0,67,0,26,25,0,20,8,34,149,20,4,49,49,20,11,0
3,2,77,12,106,42,41,5,0,0,37,0,8,23,117,0,0,30,7,17,20,31,0,0,21,53,33,0,32,21,42,12,57,26,15,93,0,19,113,0,1,6,41,74,19,0,26,46,31,50,81
