0,0,0,0,3,0,1,0,0,1,2,0,0,0,0,0,0,0,2,0,1,0,1,0,0,1,0,0,0,0,2,0,14,0,0,0,0,1,1,0,0,0,0,1,0,0,0,14,0,0,0
0,0,0,0,2,2,3,0,0,1,7,0,0,3,0,0,0,1,3,0,0,0,2,0,1,0,0,0,0,0,4,0,7,0,0,0,1,0,0,0,0,0,0,2,0,2,0,7,0,2,0
0,0,1,0,5,0,0,0,0,1,4,0,0,1,3,0,0,0,0,0,1,1,1,0,0,2,0,0,1,0,2,0,29,0,0,1,0,0,0,0,2,0,0,1,0,0,0,8,0,1,0
0,0,0,0,4,1,1,0,1,2,6,0,0,1,1,0,1,1,6,0,1,1,2,1,0,0,0,0,0,0,5,0,27,0,0,2,0,1,1,0,0,0,2,0,0,0,1,12,0,1,0
0,0,1,0,7,1,3,0,0,2,5,0,0,3,3,0,0,0,4,0,0,3,3,0,0,0,0,0,0,0,4,0,47,0,0,0,1,1,1,0,0,0,0,2,1,0,3,2,0,0,0
0,0,0,0,4,3,2,0,1,5,0,0,0,3,3,0,0,0,14,0,0,4,7,0,0,1,0,0,2,1,7,0,41,0,0,3,0,0,3,0,2,0,0,0,0,0,0,13,0,1,0
0,0,4,2,13,1,2,0,0,2,13,0,0,4,5,1,1,0,12,0,1,2,8,0,0,1,0,0,2,0,17,0,81,0,0,2,1,3,2,0,3,0,0,4,0,5,1,13,0,0,0
1,0,0,0,16,8,7,0,0,3,9,0,0,5,2,0,0,2,19,0,0,4,19,0,4,3,0,0,4,0,18,1,117,1,0,3,2,2,4,0,0,0,1,2,0,1,2,7,0,2,0
2,0,2,1,15,5,2,1,1,6,9,0,3,5,4,0,0,0,18,0,0,10,20,1,1,0,0,0,0,0,20,0,121,1,0,4,2,1,4,0,1,0,0,8,0,1,5,22,0,3,0
1,1,7,0,21,7,6,1,0,17,8,0,1,11,9,2,1,3,36,1,1,10,30,2,2,1,1,2,0,1,26,0,143,1,1,7,1,1,7,0,4,0,3,4,1,1,0,27,0,6,0
0,0,0,2,18,13,6,3,1,10,15,0,1,13,6,0,2,1,18,0,5,9,19,1,5,2,0,0,4,0,32,1,290,1,0,3,7,1,12,2,2,0,0,5,0,2,3,14,0,1,0
1,1,3,1,10,3,1,1,1,4,4,0,1,21,2,1,1,0,16,2,1,4,20,4,1,1,0,0,1,1,21,0,245,2,0,5,1,0,5,1,1,0,1,5,0,0,5,16,1,0,0
6,0,2,1,15,4,2,1,4,12,20,0,1,13,4,2,2,2,33,0,4,8,65,1,2,1,3,1,3,0,38,2,332,0,2,10,1,3,8,1,2,0,6,11,2,0,4,12,0,3,0
3,0,4,1,37,18,33,3,0,13,23,1,2,23,17,1,1,7,54,2,3,33,67,2,4,2,1,1,8,0,68,1,417,4,0,15,6,2,24,4,4,0,0,11,1,1,1,5,0,5,0
14,0,5,2,28,11,16,1,2,15,28,0,0,39,19,2,1,2,35,2,15,33,72,5,2,6,0,1,6,1,88,1,486,1,0,10,7,1,6,2,4,0,10,8,2,3,-9,24,1,8,0
4,0,6,2,35,16,27,1,1,44,22,1,0,19,14,2,3,14,35,0,3,32,81,1,4,7,0,1,6,1,184,1,548,6,0,16,4,2,13,2,5,1,9,15,0,1,0,22,0,4,0
6,0,6,0,35,14,20,2,3,25,22,1,1,47,24,0,5,0,60,2,6,38,61,4,3,8,0,0,5,2,108,3,753,6,0,10,4,1,11,2,3,0,6,18,0,0,28,21,0,13,0
6,1,12,2,41,16,33,0,6,25,10,0,0,36,18,0,2,6,42,1,12,24,63,2,6,8,1,2,3,2,200,1,819,7,0,11,4,4,38,3,6,0,9,26,1,3,6,25,0,10,0
1,1,11,2,28,14,24,0,1,26,11,1,0,35,15,11,2,4,65,0,14,15,76,5,8,8,0,0,0,0,70,1,800,7,0,17,4,1,19,8,4,0,3,12,0,2,0,26,1,13,0
8,0,3,0,35,10,17,1,2,33,75,1,3,26,20,3,2,8,35,0,24,29,110,1,8,4,0,2,12,0,88,0,814,5,0,23,5,2,11,2,4,2,15,23,5,1,2,39,1,10,0
11,0,10,2,61,29,71,1,0,42,54,0,2,75,37,1,5,14,70,2,12,96,118,4,8,24,0,2,2,4,227,1,1036,8,1,25,16,4,71,3,3,2,7,18,0,0,15,26,0,11,0
3,1,3,0,59,13,58,3,3,27,22,0,4,80,38,1,8,7,70,2,20,77,114,5,8,6,0,2,20,5,272,3,953,11,0,26,12,5,72,5,12,0,11,18,0,0,-9,21,0,13,0
11,0,9,3,42,35,45,4,5,48,42,1,5,70,49,0,4,11,50,2,15,70,117,11,9,8,0,1,2,3,196,1,1028,13,1,20,1,6,31,8,4,0,12,33,0,0,49,26,1,9,0
2,0,8,3,46,26,68,9,6,48,13,2,1,73,58,4,8,6,53,1,33,96,204,7,6,11,0,3,4,1,232,2,996,4,2,18,8,4,91,6,5,0,9,21,4,1,12,27,0,15,0
13,1,15,1,38,21,46,1,9,27,7,0,2,75,36,3,5,4,51,2,35,87,115,7,11,11,0,0,25,1,251,1,997,8,0,16,5,3,80,7,8,0,3,16,1,0,9,15,1,10,0
0,0,5,2,44,16,60,2,3,15,6,1,0,45,16,7,1,4,34,0,29,70,93,6,3,0,0,0,2,0,167,6,957,0,1,6,3,1,10,7,2,0,0,23,0,2,11,13,2,4,0
11,0,5,3,49,18,48,6,2,38,41,0,6,73,9,3,7,8,44,0,26,88,115,0,2,20,1,1,1,0,93,5,882,5,1,21,2,1,38,10,5,0,7,32,0,1,8,14,1,10,1
10,1,9,2,53,21,69,2,15,72,38,0,6,78,44,0,6,9,129,1,40,113,164,9,13,15,0,2,16,4,362,5,1003,25,0,50,11,2,183,7,10,0,9,45,1,1,5,27,1,17,0
9,0,11,2,107,26,197,3,5,43,52,0,2,80,53,9,7,9,90,4,111,151,153,8,11,13,0,1,7,5,351,0,936,12,0,37,14,3,87,7,10,0,12,30,1,1,41,20,2,12,1
14,0,10,3,86,19,103,6,9,54,42,0,0,123,43,7,4,7,53,3,46,137,172,7,7,6,0,2,5,2,362,8,732,12,0,28,8,6,107,18,2,1,7,33,1,5,13,16,1,13,0
14,0,22,0,79,15,65,9,5,58,50,0,2,61,45,4,4,9,57,2,35,159,135,17,11,14,1,0,9,3,322,7,804,19,0,29,5,6,87,13,7,0,4,33,2,0,30,22,3,8,0
-4,0,7,1,96,20,50,6,5,22,9,0,1,130,34,10,2,5,54,3,40,156,80,10,12,10,2,4,4,1,230,2,668,16,0,33,3,2,123,19,3,0,2,26,2,2,20,19,2,7,0
13,0,7,1,30,12,41,0,5,26,12,1,1,30,19,1,8,4,29,2,14,146,82,13,7,2,0,0,3,3,132,2,652,8,1,20,1,2,135,13,1,0,3,16,2,0,19,8,2,10,0
4,0,3,3,47,27,204,5,9,49,85,0,3,57,14,4,7,6,32,1,34,103,77,9,10,5,2,5,5,1,175,3,619,4,3,38,3,1,81,5,4,0,5,20,1,1,23,24,6,9,0
22,0,22,1,93,36,92,10,7,44,43,2,3,120,65,4,6,17,77,1,70,152,232,17,14,20,0,5,0,0,376,7,628,30,0,48,21,3,254,16,11,1,3,29,4,2,25,22,0,12,4
15,0,23,1,109,42,121,7,15,60,27,0,3,98,33,7,4,13,127,3,46,221,115,19,10,15,2,4,24,6,310,6,607,25,1,53,5,0,100,10,5,1,10,19,2,0,24,13,3,4,0
-4,0,21,1,123,31,95,3,12,60,34,0,0,119,47,6,1,9,67,5,50,178,164,21,8,12,0,4,8,3,305,7,565,11,1,46,10,5,3,8,10,0,3,30,1,3,26,21,2,10,1
12,0,11,2,71,115,125,8,14,59,18,1,0,108,40,11,5,9,61,3,50,196,107,21,8,19,0,4,8,2,249,6,547,17,0,34,9,3,63,13,7,1,0,24,4,1,38,14,1,5,0
4,0,7,1,73,-2,98,12,12,9,8,1,2,80,46,5,2,5,43,3,77,174,189,23,12,13,0,2,3,7,246,9,567,34,1,21,6,1,56,13,9,0,7,37,2,2,23,12,1,4,0
6,0,2,2,24,8,63,8,13,19,10,0,0,59,31,6,1,3,26,0,35,169,41,28,6,2,0,2,0,0,75,6,478,5,1,17,1,4,29,11,8,1,3,14,0,0,12,14,1,8,0
9,0,0,1,84,27,87,5,7,14,74,2,2,49,4,9,6,5,11,1,35,104,92,14,2,14,0,0,13,0,106,5,463,22,2,25,2,1,75,7,3,0,2,23,0,1,10,14,3,7,0
14,0,20,6,84,29,77,12,5,83,41,0,2,140,60,9,1,15,61,0,71,150,160,15,10,28,1,2,6,0,398,6,510,22,0,46,10,7,146,6,15,0,6,39,4,0,34,21,1,19,0
20,0,11,2,77,30,79,7,15,46,64,0,0,89,73,12,5,4,44,1,62,252,104,18,11,7,1,11,12,6,328,2,510,13,0,138,7,2,300,12,40,2,6,38,0,0,30,13,2,8,0
10,0,12,2,96,11,89,8,19,51,35,0,3,140,49,14,1,5,60,1,61,157,118,24,11,10,0,3,6,6,458,11,329,19,0,38,8,2,188,15,12,4,4,52,1,2,30,17,4,8,0
17,0,10,3,90,43,82,7,7,46,32,0,0,103,61,8,3,8,65,2,53,154,78,28,20,14,0,2,11,9,310,8,225,20,4,27,8,1,91,13,12,4,5,25,0,1,29,7,3,11,0
-1,0,23,8,66,12,97,9,9,50,8,0,1,112,54,5,4,4,23,1,59,130,154,24,10,18,0,3,3,3,204,8,194,23,1,19,8,5,123,17,11,0,5,22,3,1,35,4,3,7,0
2,0,9,4,22,10,0,9,11,15,7,1,0,56,17,9,2,4,19,1,30,158,29,24,12,5,0,2,5,2,129,12,541,8,1,17,0,0,49,24,8,0,1,15,1,2,44,7,0,5,0
8,0,0,4,62,9,120,5,7,20,60,0,0,41,18,4,12,11,52,0,36,86,86,9,7,9,0,1,4,0,39,5,212,18,0,18,0,0,37,21,8,0,5,24,0,0,24,6,0,1,0
17,0,33,3,89,52,77,5,6,72,49,0,2,170,62,19,6,11,51,4,73,122,44,27,32,21,0,3,10,6,334,6,240,23,0,79,9,4,326,14,13,3,9,41,6,0,29,17,0,13,0
28,1,31,4,92,18,85,6,13,68,32,0,1,134,51,12,3,8,52,1,53,208,71,30,32,21,0,4,10,19,305,7,928,20,6,90,6,2,154,15,9,5,12,30,3,0,0,18,1,9,0
26,0,24,1,83,23,79,9,8,61,23,0,0,162,37,12,1,16,41,0,60,132,93,23,22,20,0,6,7,3,252,3,250,24,0,46,7,6,239,18,11,2,1,31,2,1,56,22,0,12,0
14,0,67,0,89,16,77,11,19,69,46,0,0,123,33,12,3,2,19,1,57,150,50,26,13,32,0,1,8,7,151,9,152,16,2,35,6,3,125,11,4,0,2,43,0,0,43,12,1,10,0
7,0,15,0,82,7,58,8,7,46,2,0,0,100,43,9,5,8,40,1,54,138,133,24,12,11,0,3,5,10,164,10,226,17,2,25,4,3,69,19,10,3,1,27,5,0,15,10,1,14,0
3,0,4,3,37,4,35,3,12,6,3,0,0,64,18,13,0,0,19,0,30,139,25,20,9,10,0,2,0,2,139,9,214,7,0,10,2,0,26,4,1,0,1,24,1,0,12,14,1,2,0
10,0,6,3,51,17,41,1,5,14,37,0,2,54,32,6,2,13,22,1,39,129,33,13,5,10,0,2,6,0,55,8,205,10,1,16,2,3,27,8,15,0,6,27,1,0,11,18,3,9,0
32,0,20,1,82,23,33,12,8,44,50,0,0,137,38,18,4,8,39,0,73,33,90,23,22,16,0,3,9,9,198,11,279,26,2,79,4,0,78,14,9,5,16,32,5,0,41,15,1,9,0
15,0,32,2,112,53,84,10,14,48,24,0,0,198,41,17,1,1,34,1,53,174,40,24,8,20,0,4,10,8,194,12,166,18,2,47,0,4,180,18,7,0,7,36,3,0,36,5,1,3,0
23,0,30,1,25,29,94,13,8,48,27,0,3,130,27,12,2,7,36,3,57,167,73,34,15,16,0,11,8,1,244,11,169,17,0,51,6,3,194,6,9,4,13,51,0,0,28,14,3,13,0
10,0,27,0,153,59,66,11,10,42,42,0,1,130,45,18,6,2,31,0,45,110,38,20,13,15,0,5,6,8,192,11,138,28,2,47,1,0,134,11,9,1,4,44,1,0,22,17,2,11,0
2,0,28,0,62,42,54,15,7,47,10,0,0,74,50,10,2,3,31,1,46,113,55,17,17,14,0,7,4,12,111,6,198,11,0,29,3,0,58,10,0,0,4,30,1,0,25,7,1,8,0
3,0,1,0,36,23,69,4,8,9,11,0,0,49,10,5,0,0,12,0,35,92,11,22,11,8,0,0,1,1,107,6,215,8,1,15,0,0,14,10,5,0,1,26,2,1,7,1,2,0,1
1,0,6,2,32,9,41,7,9,24,40,0,1,59,14,4,1,8,72,1,31,65,24,9,7,8,0,3,14,0,79,5,134,5,1,32,0,1,56,7,6,0,3,6,0,0,5,4,1,6,2
15,0,18,2,100,33,23,7,8,55,26,0,3,142,59,12,3,15,18,2,58,76,102,17,26,22,0,4,9,10,151,6,135,27,1,63,6,2,115,26,8,2,5,43,8,0,27,22,0,8,0
18,0,43,5,92,42,57,6,7,44,22,0,0,148,40,33,4,12,27,0,42,128,43,29,16,12,0,5,5,8,161,7,103,10,4,61,5,4,119,6,8,0,8,38,2,0,33,3,1,14,1
7,0,16,3,110,11,53,7,5,48,77,0,0,87,49,14,2,12,21,0,36,82,69,32,10,27,0,7,3,9,96,11,123,13,2,55,5,1,93,18,9,1,4,37,2,0,25,9,2,6,1
12,0,12,3,66,14,55,5,6,46,30,0,2,106,28,27,1,5,40,2,48,80,29,33,16,10,0,1,6,5,142,8,139,20,1,36,3,2,145,23,3,3,2,18,1,0,37,7,1,9,0
8,0,24,2,78,3,38,2,9,43,15,0,0,77,23,5,0,1,14,2,36,76,65,10,20,5,0,1,5,4,96,6,98,9,0,84,4,0,89,18,6,0,10,24,4,0,23,1,0,11,0
2,0,1,1,22,5,18,2,5,4,5,0,0,67,12,10,0,0,7,1,34,68,5,17,9,4,0,3,2,1,52,9,146,8,1,13,0,1,24,11,10,0,7,11,0,0,12,7,0,3,0
15,0,6,1,18,1,49,6,8,15,21,0,0,28,8,4,1,4,0,0,25,44,12,12,10,5,0,2,2,1,11,3,92,9,1,18,2,0,14,0,5,0,2,3,1,0,37,7,1,4,0
14,0,1,2,51,19,27,3,0,7,47,0,2,48,20,20,3,4,11,1,31,57,26,18,17,4,1,5,0,4,47,5,103,9,0,15,5,0,16,26,6,0,5,16,3,0,28,15,1,3,1
3,0,24,1,102,41,34,9,5,60,37,0,1,158,26,16,3,13,21,2,59,74,68,34,18,7,0,8,6,9,148,4,98,38,5,42,4,0,115,21,20,4,14,46,4,0,45,15,0,22,1
8,0,26,5,81,29,23,1,8,45,38,0,0,107,38,14,2,4,18,3,36,93,38,35,23,10,0,2,8,9,62,6,99,32,1,54,4,3,107,22,4,0,-1,20,1,1,57,10,0,11,1
19,0,28,7,102,15,42,11,7,49,11,0,0,83,42,15,0,10,26,1,38,78,34,29,17,25,0,7,5,6,130,9,97,29,2,33,3,0,70,16,13,5,4,27,1,0,20,4,0,19,0
8,0,18,1,70,6,44,5,2,34,20,0,0,60,15,6,0,7,19,4,43,50,57,30,13,42,0,0,2,4,103,7,77,15,1,18,5,2,70,18,4,3,4,31,5,0,12,6,1,19,1
12,0,3,0,28,2,32,5,4,4,46,0,0,58,9,6,2,0,6,0,23,78,28,14,11,2,0,1,2,3,64,5,87,8,1,6,0,0,18,7,7,0,0,7,1,0,5,0,0,6,0
16,0,12,0,45,13,20,2,2,9,38,0,1,32,8,21,6,4,10,0,20,189,34,10,5,2,0,5,1,0,23,6,67,12,0,51,0,1,19,2,6,0,1,12,0,0,17,7,1,3,1
7,0,25,3,73,16,8,5,2,70,13,0,0,109,55,6,10,6,34,5,45,50,37,22,28,11,0,4,0,11,49,5,81,27,4,52,5,3,96,12,1,0,17,37,0,0,15,6,2,13,0
0,0,40,6,62,20,17,2,3,36,22,0,0,98,10,10,0,7,35,1,44,67,17,15,15,4,0,2,9,9,110,8,71,21,1,41,2,2,72,10,17,0,8,34,4,0,21,6,0,8,0
0,0,17,9,62,18,18,11,2,41,24,0,0,107,24,16,3,11,13,0,27,49,25,29,12,5,0,4,0,8,90,8,93,22,0,40,3,0,120,14,7,2,15,27,0,0,17,5,1,9,0
23,0,16,1,66,12,31,2,4,53,27,0,0,62,27,7,3,7,29,3,34,34,250,33,9,10,1,0,7,5,79,4,55,8,5,16,1,2,90,16,13,1,4,28,3,0,8,10,5,7,0
13,0,30,2,76,3,17,2,4,28,4,0,0,64,34,5,1,4,13,0,38,54,40,22,8,7,0,3,1,5,57,5,57,19,1,15,2,2,34,0,7,0,8,19,1,0,7,3,0,12,0
3,0,2,0,27,0,16,8,6,12,1,0,0,41,11,4,0,1,11,1,9,27,4,16,6,0,0,0,1,3,70,4,60,4,0,7,1,1,11,0,1,0,1,6,0,0,12,0,0,2,0
26,0,4,1,26,16,13,0,2,12,28,0,0,203,13,17,3,6,8,0,27,37,18,11,20,9,0,0,4,0,38,4,56,17,0,27,0,0,10,27,11,0,3,10,3,0,5,5,0,2,0
11,1,22,6,96,10,13,12,4,53,74,0,2,95,23,6,1,7,13,1,35,55,30,20,10,22,0,3,3,8,89,4,70,28,0,17,5,5,63,9,11,3,13,30,3,0,19,13,0,12,0
15,0,26,4,94,20,23,3,4,36,42,0,0,65,16,9,3,4,11,0,33,46,12,39,21,7,0,10,4,7,74,6,67,27,1,36,2,0,73,4,7,1,6,30,1,0,18,2,1,17,1
11,0,30,6,72,10,26,1,3,47,45,0,1,86,25,3,1,15,19,0,31,38,27,13,0,12,0,8,11,7,66,11,55,18,1,33,2,2,44,11,13,4,5,26,3,0,6,15,1,12,0
14,1,27,5,45,12,13,0,4,29,47,0,1,81,16,9,1,12,9,0,25,46,9,25,13,11,0,4,2,7,46,5,80,14,0,18,2,3,42,10,5,1,20,23,8,0,14,9,2,7,0
4,0,33,1,73,3,27,5,5,48,27,0,0,22,17,1,1,2,8,0,26,38,23,9,8,6,0,0,1,3,100,5,54,7,0,46,0,1,35,0,6,1,4,24,0,0,7,9,0,2,0
0,0,4,2,30,1,15,3,4,6,5,0,1,21,9,1,0,0,10,0,13,48,3,15,2,0,1,0,1,2,36,4,40,4,0,3,0,1,11,0,1,0,2,6,0,0,5,4,0,2,0
1,0,10,3,31,6,3,1,0,7,41,0,1,31,11,9,2,-3,4,1,8,22,5,6,4,5,0,5,2,0,51,5,40,17,0,16,0,4,32,18,2,0,10,23,4,0,6,3,0,1,0
11,0,24,6,82,12,6,1,5,55,35,0,0,65,14,9,0,6,24,0,35,18,14,9,20,8,0,10,1,6,51,7,38,29,0,24,4,2,30,14,5,2,10,39,2,0,18,11,0,7,0
5,0,24,9,81,14,9,2,3,25,44,0,0,79,28,7,2,6,20,1,14,69,2,13,23,21,1,3,6,4,42,5,39,13,1,14,1,1,39,11,10,1,6,42,4,0,13,-5,0,9,0
20,0,35,11,76,7,7,5,4,43,29,0,1,50,16,3,4,4,7,0,20,36,23,19,5,39,0,5,2,1,31,4,45,11,3,22,2,4,41,9,4,0,11,38,3,1,3,17,0,6,0
12,0,35,6,66,5,12,2,3,43,31,0,0,64,25,1,2,2,15,0,14,30,7,17,0,10,0,5,4,6,35,8,49,14,1,34,1,1,29,9,18,3,4,31,3,0,16,12,0,11,2
16,0,25,10,70,4,13,1,1,40,6,0,0,45,20,4,3,0,20,0,22,28,20,11,0,2,0,0,7,2,22,2,23,16,0,30,1,0,21,0,5,0,8,18,0,0,5,10,0,15,0
1,0,3,1,22,0,9,1,2,17,1,0,0,19,4,1,1,2,1,0,14,30,3,8,0,0,0,3,1,0,13,3,45,6,1,3,1,2,5,0,9,0,3,9,3,0,4,3,1,0,0
2,0,4,2,44,4,3,0,2,12,4,0,0,24,13,1,2,5,12,0,8,16,7,4,35,5,1,3,3,0,25,0,50,5,0,4,0,2,3,9,6,0,6,18,0,0,9,6,1,0,0
23,0,44,10,76,14,14,69,2,65,39,0,0,36,16,3,1,10,17,0,18,16,12,9,11,13,0,7,2,4,54,7,36,26,1,31,2,0,36,3,14,2,10,33,5,0,25,8,2,7,0
27,0,69,3,91,2,10,1,4,43,12,0,1,61,9,4,1,2,18,1,16,48,5,7,22,8,0,1,2,4,46,4,31,19,2,20,1,3,57,6,10,1,13,46,0,0,16,9,0,11,0
5,0,28,0,82,2,11,2,2,46,46,0,0,38,8,8,1,8,12,0,21,25,19,9,5,5,0,3,1,10,1877,5,28,10,1,17,3,4,34,8,10,3,10,29,1,0,14,7,0,6,0
11,2,42,9,62,4,9,0,3,39,23,0,0,35,9,2,3,6,26,0,13,50,1,5,6,13,1,4,3,8,42,4,46,14,0,16,2,5,23,7,1,1,11,41,2,0,25,4,0,0,0
12,0,44,10,30,1,4,0,2,24,6,1,1,24,21,0,3,0,0,1,15,28,19,6,13,2,0,1,2,2,34,2,30,15,0,16,7,0,27,0,17,3,8,36,1,0,24,6,1,11,0
0,0,13,5,35,2,5,0,2,29,2,0,-1,15,3,2,3,2,9,0,11,20,4,8,4,2,0,0,0,0,27,1,32,4,1,3,1,0,3,0,5,0,0,10,0,0,8,0,0,0,0
10,0,4,1,42,6,4,0,1,28,4,0,0,17,5,6,4,7,0,1,7,35,4,10,20,3,0,2,5,0,17,1,6,3,0,11,0,3,8,19,4,0,8,22,1,0,8,10,0,0,0
21,0,47,5,104,8,2,2,0,58,19,0,1,21,16,5,0,4,22,0,15,-41,32,6,14,11,0,6,2,4,43,4,633,21,0,45,2,3,32,4,19,0,12,52,4,0,23,12,0,7,0
22,0,81,7,85,7,2,0,2,45,21,0,0,24,10,0,4,9,17,0,15,27,5,6,9,12,0,3,5,2,43,3,15,27,1,13,2,1,9,6,27,2,5,36,1,0,23,7,0,1,0
13,0,40,2,95,4,2,1,1,67,22,0,1,37,12,2,2,8,17,0,7,51,14,13,10,7,0,2,13,2,29,3,23,13,0,27,6,1,54,3,18,4,10,44,3,0,30,3,0,7,0
21,1,36,2,52,0,9,2,1,67,7,1,1,25,20,2,1,3,23,0,11,17,3,8,11,4,1,1,5,1,57,8,22,11,0,0,3,3,32,1,9,0,14,47,5,0,29,10,0,3,0
1,1,19,5,14,2,0,0,2,18,1,0,0,12,5,0,1,0,0,2,13,23,3,0,4,2,0,0,0,4,25,2,24,1,0,4,0,1,3,0,20,0,4,37,0,0,4,2,1,0,0
0,0,8,1,40,0,0,0,2,29,3,0,0,7,6,0,3,0,10,2,7,11,0,5,4,0,0,0,7,1,22,0,35,0,0,4,0,2,4,0,7,0,9,20,3,0,4,5,1,0,0
0,0,3,5,83,1,3,0,2,47,17,0,0,9,5,4,1,13,8,0,3,15,3,3,3,6,0,1,0,1,18,2,16,10,0,16,1,0,1,0,7,0,7,60,6,0,0,10,0,1,0
26,1,101,9,111,5,0,2,0,63,21,0,0,31,19,7,2,9,23,1,20,15,31,3,44,15,0,1,12,2,52,4,23,22,0,43,5,6,37,9,19,1,11,90,4,0,28,15,0,12,1
25,0,40,4,145,-2,5,1,3,48,21,0,4,34,15,7,1,4,20,0,9,30,10,9,30,6,0,4,7,2,142,8,11,24,0,21,3,4,29,2,38,0,21,119,7,0,24,10,0,1,0
10,0,74,4,117,0,5,2,4,120,9,0,3,18,7,3,3,6,16,1,13,25,9,5,16,6,2,3,18,1,25,6,34,17,0,15,3,5,31,3,21,3,22,102,4,0,32,15,0,3,0
36,0,46,4,111,17,0,0,0,93,35,0,0,16,9,6,0,7,25,0,15,28,13,5,11,12,3,0,7,3,31,6,25,16,0,26,6,2,34,2,24,6,13,92,2,0,21,16,0,4,0
10,0,65,6,76,1,0,0,0,95,31,0,1,23,8,0,0,0,23,1,7,14,28,4,15,5,1,2,11,1,46,4,15,17,2,4,5,0,16,0,22,2,15,77,5,0,4,0,1,4,0
7,0,81,2,30,1,0,0,0,45,5,0,0,19,4,4,6,2,13,2,9,15,1,3,19,1,0,0,1,0,0,2,10,12,0,22,1,2,5,0,10,0,3,40,3,0,4,12,0,-1,0
3,0,11,2,44,2,23,0,0,35,21,2,0,7,2,3,1,7,7,0,6,5,7,2,1,13,3,2,3,0,35,3,46,15,0,6,2,3,5,8,11,0,7,67,1,0,2,1,1,0,0
40,0,91,8,141,11,1,1,0,132,24,0,1,27,13,4,2,9,22,0,9,10,6,6,22,10,2,1,17,1,22,3,17,35,1,5,4,7,18,1,21,0,19,136,10,0,9,26,0,6,1
47,0,101,4,141,6,8,3,3,112,34,0,8,10,10,18,5,3,16,0,7,28,3,10,18,5,0,3,6,2,52,6,23,16,0,6,4,2,38,2,5,2,16,141,7,0,15,21,1,1,0
19,0,64,6,122,1,9,0,3,156,13,0,3,22,10,4,1,7,24,0,6,12,18,8,18,4,1,5,8,1,31,5,18,19,1,28,6,3,28,1,72,4,13,154,1,0,15,6,1,4,2
35,0,91,12,117,7,7,0,3,128,28,1,5,11,8,4,1,12,24,1,12,22,7,7,24,6,2,1,11,0,19,3,14,21,1,9,7,4,18,2,26,1,19,145,4,0,6,6,1,3,0
21,1,136,4,90,0,0,2,1,90,34,1,1,18,17,5,2,1,0,2,9,17,9,5,14,7,0,0,9,1,15,4,20,15,0,20,6,3,11,0,39,0,23,83,5,0,12,11,0,10,0
1,0,35,0,13,0,0,0,0,87,5,0,0,5,2,3,1,3,34,0,9,12,2,3,9,0,0,0,1,2,7,2,20,8,2,42,0,3,6,0,20,2,6,61,0,0,2,3,0,1,0
4,0,27,6,54,6,10,0,1,90,3,0,3,9,3,5,5,3,29,0,5,2,8,4,3,6,2,5,2,0,9,7,16,15,1,15,1,2,2,5,9,0,4,127,6,0,4,9,0,2,0
12,0,123,11,119,5,0,2,1,134,73,0,4,21,21,10,1,1,36,1,20,17,8,3,31,11,1,0,30,2,22,10,15,26,1,30,9,8,18,1,57,0,25,159,6,0,17,10,1,13,1
61,1,58,6,155,8,0,2,0,139,78,1,9,23,17,6,5,5,62,0,3,18,6,4,34,21,2,1,25,2,-30,3,10,27,2,16,13,2,31,1,64,1,15,203,7,0,3,3,1,6,0
33,0,91,6,152,16,4,2,1,173,24,1,6,19,17,6,2,6,16,0,4,16,6,9,13,16,1,4,4,3,23,5,42,25,1,21,3,3,17,4,49,2,35,192,9,0,3,14,1,13,0
41,0,89,8,135,3,3,49,0,135,80,0,6,17,4,6,4,9,29,0,13,14,5,5,27,9,3,4,13,2,35,5,8,15,2,41,7,8,20,1,51,1,13,162,6,0,13,42,0,0,0
18,1,132,5,103,4,0,1,0,124,53,0,2,13,11,0,3,2,0,1,11,12,0,5,17,3,0,0,11,2,11,6,17,32,0,0,12,1,5,0,80,0,27,126,1,0,8,1,0,13,0
17,0,25,2,23,0,0,0,0,77,3,0,0,2,8,3,2,1,48,0,7,19,0,3,15,7,0,0,1,0,11,7,10,6,0,10,0,5,3,0,26,1,2,88,0,0,3,4,0,1,0
18,1,7,7,93,5,5,0,1,77,11,0,9,24,3,7,3,8,23,0,7,7,5,2,6,14,1,0,5,0,17,5,17,8,0,37,-1,-2,4,2,15,0,10,1202,7,0,4,15,3,4,0
0,1,104,20,172,9,5,1,1,186,53,0,9,26,18,3,6,9,26,2,11,15,19,4,42,18,5,4,21,0,21,7,11,32,1,38,14,16,23,1,59,0,23,226,5,0,13,22,5,11,1
47,0,46,6,168,17,2,1,1,216,78,0,8,16,8,15,5,11,71,0,20,29,0,9,20,6,2,5,22,2,-27,6,9,42,2,40,14,8,22,2,50,6,20,316,7,0,30,10,1,4,0
27,1,158,8,125,0,6,0,0,253,30,0,4,16,14,11,8,2,42,1,10,15,20,5,48,19,1,2,23,4,11,3,20,40,1,20,13,5,29,0,52,0,14,153,6,1,16,10,3,8,0
15,0,67,11,213,15,1,4,1,257,78,0,13,26,19,7,1,5,24,1,5,14,7,6,52,17,5,5,26,0,10,7,10,18,0,47,5,7,13,0,45,1,25,286,5,0,33,1,1,15,0
23,1,58,5,143,5,0,0,0,179,70,0,4,4,6,2,0,5,0,0,13,17,7,6,30,6,1,0,1,1,11,9,18,42,0,26,8,4,9,0,39,4,9,204,4,0,41,22,0,12,0
24,0,16,6,34,0,0,0,1,62,14,0,0,11,4,4,3,1,58,0,9,12,0,8,10,0,0,0,1,1,6,3,11,7,2,14,1,2,4,0,26,1,6,43,1,0,3,4,1,1,0
6,1,16,11,101,3,5,0,0,73,2,0,5,10,5,6,5,3,17,1,8,10,10,2,8,5,3,-4,14,0,10,1,12,17,0,10,1,3,2,3,16,0,16,177,4,0,0,5,0,4,1
33,0,65,15,196,6,0,2,1,245,75,1,12,19,16,4,1,7,27,-1,7,9,4,4,42,14,0,5,15,1,11,3,9,25,2,31,15,2,20,1,54,1,25,254,7,0,26,21,7,10,0
29,0,83,18,170,2,0,0,0,225,64,0,4,29,11,12,4,2,45,1,6,2,6,10,51,7,1,3,29,0,-15,9,9,41,1,26,17,6,14,1,47,1,27,201,6,0,30,-1,0,9,0
19,0,72,7,148,0,0,0,0,120,43,2,9,20,6,12,5,9,50,0,15,32,28,7,21,12,1,5,10,1,7,2,-102,43,1,22,10,1,30,2,49,4,40,248,2,1,25,11,0,9,0
21,0,80,6,183,5,4,1,2,180,87,2,4,37,10,3,4,5,61,0,14,18,19,4,23,25,5,5,19,0,11,6,7,38,1,34,7,8,20,0,19,3,20,280,5,0,18,28,3,13,1
20,1,55,14,102,0,0,2,1,182,66,0,5,13,13,11,0,5,0,1,12,12,-6,8,26,7,4,1,29,0,9,6,9,24,2,16,3,7,12,0,45,2,11,205,-1,0,5,8,4,6,0
13,0,12,9,66,1,0,1,1,77,13,0,1,6,5,5,0,0,56,0,8,14,-1,9,22,5,0,0,10,0,5,4,9,11,0,1,0,1,2,0,24,0,8,99,1,0,4,22,8,2,0
29,0,5,11,95,5,3,0,0,91,30,3,2,2,3,4,7,4,24,0,6,6,7,3,16,11,0,1,4,0,4,5,7,3,1,4,2,3,4,1,18,0,14,80,9,0,1,7,2,0,0
50,0,48,11,194,10,0,0,2,276,117,2,9,25,25,11,1,9,26,1,13,10,7,6,32,5,2,3,19,0,12,3,11,40,5,35,13,10,26,1,49,0,36,247,4,0,17,5,6,8,1
35,1,143,7,154,3,6,1,0,212,105,2,3,28,17,7,9,6,48,0,8,18,7,17,45,6,3,2,17,1,-5,2,12,39,2,26,9,6,43,2,46,1,15,334,5,0,8,3,6,5,0
8,0,37,9,187,5,0,1,1,148,80,2,5,27,19,11,6,8,41,0,8,21,15,7,22,9,1,3,31,2,8,2,15,36,0,21,11,9,27,1,42,1,26,234,3,0,11,34,0,7,0
3,0,41,5,151,6,3,0,0,228,34,0,11,19,8,8,1,5,28,0,11,20,11,8,32,8,1,1,15,1,10,6,8,31,1,29,6,1,39,2,18,2,12,316,4,0,7,3,4,6,1
3,1,71,13,83,5,0,0,3,204,94,0,2,6,15,3,2,7,0,1,5,16,19,6,37,6,0,0,25,0,7,8,7,26,0,40,13,1,12,0,56,2,19,184,2,0,11,17,3,12,0
2,0,12,-1,16,0,0,0,0,107,32,0,0,14,5,0,0,3,77,0,3,12,6,7,4,5,0,0,4,0,2,3,10,2,4,2,4,-1,7,0,9,1,18,119,0,0,0,19,0,1,0
27,0,0,4,89,6,3,0,0,87,24,0,6,17,2,12,4,7,19,0,2,4,0,6,11,32,0,0,3,0,4,4,11,12,1,6,4,3,3,2,19,0,21,61,2,0,4,8,0,2,3
11,1,26,16,189,3,0,0,2,219,67,1,8,27,30,15,5,19,28,0,9,6,15,9,33,9,2,7,25,1,9,5,11,41,2,39,17,8,26,1,55,1,40,239,6,0,11,26,4,13,1
8,0,108,12,163,0,1,2,1,174,53,1,9,20,15,9,5,8,55,0,11,28,12,17,35,13,0,3,33,3,1,6,5,39,2,36,17,9,32,3,17,1,27,245,7,0,14,15,2,8,0
30,0,45,10,115,3,1,0,1,117,53,3,7,27,11,5,3,15,28,1,8,12,17,7,27,18,5,4,40,1,6,5,0,32,0,22,10,4,13,1,41,2,33,205,5,0,17,14,0,6,0
22,1,10,22,183,6,2,5,1,119,92,1,6,22,17,14,7,6,50,1,5,13,1,8,24,3,1,4,10,0,9,5,5,26,2,26,6,9,23,2,58,2,58,235,1,0,9,13,4,2,3
15,1,62,11,153,8,0,0,2,106,93,1,2,21,10,3,1,12,0,1,11,20,20,8,23,8,0,1,12,1,2,4,8,24,3,20,10,1,14,0,34,1,14,167,2,0,7,7,6,13,0
2,1,15,13,15,2,0,0,0,51,39,0,1,7,2,4,0,2,59,1,6,0,4,6,3,0,0,2,2,0,3,2,18,14,1,3,1,0,0,0,11,1,5,110,0,0,24,4,2,0,0
11,0,0,9,98,1,0,4,0,72,24,2,7,9,5,10,1,8,18,0,3,28,4,4,8,14,1,0,1,0,0,2,7,7,1,8,4,10,-1,5,7,0,31,64,4,0,4,5,1,1,0
13,3,21,15,159,6,3,-1,0,183,102,0,13,32,16,12,1,9,33,0,13,12,22,8,67,20,6,2,30,0,7,3,6,40,1,10,14,4,24,4,18,0,27,188,7,0,23,9,8,13,0
8,1,103,21,138,1,0,1,1,153,48,2,9,31,18,18,12,9,54,1,10,26,5,17,58,13,1,4,20,1,-39,5,4,27,0,48,19,2,25,2,44,1,18,200,6,0,21,6,3,6,0
31,0,33,7,149,4,2,0,0,135,80,4,6,20,7,14,1,10,23,0,5,21,16,13,26,17,0,4,24,1,7,9,8,20,1,32,15,6,11,3,55,0,27,232,0,0,12,9,9,9,0
31,0,48,17,140,8,0,0,0,89,77,4,14,23,11,17,2,8,30,0,14,16,6,4,14,16,2,5,13,1,9,3,8,22,0,29,8,13,20,2,27,3,25,171,4,0,23,15,3,2,0
45,0,30,16,70,1,0,0,0,148,99,3,2,7,8,2,1,6,0,0,10,12,33,4,14,14,4,1,16,0,3,2,7,32,2,21,11,3,18,0,43,2,25,118,0,0,18,0,10,6,0
10,0,23,12,33,-1,0,0,1,14,27,1,1,12,6,3,1,4,27,0,6,13,3,2,14,2,0,0,2,0,4,1,12,13,1,2,2,3,2,0,11,0,22,74,0,0,1,0,1,3,0
20,0,-2,13,81,7,0,1,1,68,28,7,4,10,5,7,1,10,19,0,3,11,6,1,32,8,0,2,0,0,8,9,7,12,1,10,1,4,1,2,11,0,5,50,1,0,11,10,1,0,0
18,2,17,17,129,1,1,0,0,187,98,4,6,41,16,5,3,18,34,0,6,4,14,6,20,28,1,3,8,0,5,8,10,36,2,27,9,0,21,2,37,0,26,147,1,0,32,16,8,9,4
17,0,22,27,181,7,1,1,1,127,61,1,4,23,13,9,4,25,20,1,5,-4,13,10,33,18,4,3,25,0,14,3,8,37,3,11,12,6,28,1,37,2,15,181,4,0,29,7,8,10,0
16,1,63,20,167,3,1,0,1,149,70,4,1,25,7,3,17,13,17,0,12,17,11,7,10,11,2,2,28,0,7,1,8,23,2,50,14,2,13,4,13,0,23,202,2,0,11,8,7,4,0
33,0,41,12,147,10,0,0,2,100,62,2,11,39,18,21,6,7,14,1,11,23,8,10,22,18,3,1,10,0,7,3,6,39,0,22,11,6,16,0,39,1,22,129,4,0,10,9,6,9,1
9,2,33,9,64,5,0,2,0,61,45,3,0,19,12,7,1,5,0,0,7,16,7,4,11,30,2,4,14,0,7,6,6,45,5,8,4,1,16,0,31,3,25,144,1,0,15,0,0,13,0
1,0,14,12,22,2,0,1,0,38,58,1,1,4,2,2,1,2,58,0,3,9,0,6,15,11,1,0,4,1,4,3,6,7,1,3,3,1,0,0,10,0,3,79,2,0,1,1,3,0,0
0,0,-2,14,33,0,0,0,0,22,7,1,0,8,4,3,2,1,12,0,5,8,4,3,1,0,1,0,0,0,2,4,15,0,0,17,0,4,18,0,20,0,4,42,1,0,6,0,1,0,0
1,0,2,9,80,0,6,0,0,44,24,2,3,14,12,15,1,3,13,0,3,8,1,2,0,7,1,3,1,0,5,0,12,22,0,22,1,5,7,4,5,0,28,74,2,0,2,2,3,2,0
8,0,32,11,147,4,0,0,4,200,56,3,16,26,17,19,11,19,22,0,9,5,75,7,38,9,3,16,19,0,13,6,-1,48,1,26,9,7,20,3,30,0,35,131,2,0,11,21,4,14,0
16,0,22,12,104,4,4,4,1,211,75,3,1,23,13,4,2,15,21,0,8,20,5,15,33,18,1,6,18,1,5,3,7,26,2,30,13,2,12,5,33,4,55,12,3,0,11,7,3,9,0
32,1,15,13,171,3,2,0,0,176,41,2,8,42,10,8,21,14,41,0,4,14,6,13,14,11,9,9,9,0,9,2,1,34,4,49,12,-1,20,4,53,0,36,281,2,0,3,6,6,4,0
17,1,26,16,68,3,0,0,0,98,41,1,1,24,17,2,13,12,0,1,8,16,12,9,15,18,2,0,12,1,4,3,6,23,3,8,11,5,1,0,12,6,41,105,1,0,11,0,2,12,0
1,0,6,12,53,0,0,2,0,8,47,2,0,16,1,2,3,3,33,1,2,14,0,13,12,10,2,0,1,1,4,2,4,7,1,4,6,4,0,0,24,1,15,74,0,0,2,0,1,1,0
4,0,0,11,72,6,5,2,0,34,20,0,4,9,1,13,10,3,17,0,1,9,10,3,9,0,3,1,2,0,3,0,10,14,2,4,0,2,25,4,13,0,18,50,2,0,19,16,9,0,4
32,0,24,158,148,6,0,1,0,145,44,1,5,18,21,1,9,7,26,1,10,6,11,5,28,18,2,1,28,2,9,7,16,41,2,87,7,8,5,3,21,0,29,153,0,0,96,12,5,11,0
5,0,30,7,110,4,2,1,1,152,21,3,5,33,12,14,31,6,16,1,6,20,11,6,22,14,0,4,12,0,11,2,7,41,5,49,12,2,18,3,34,8,25,142,1,0,45,6,10,8,0
9,0,35,9,91,6,1,0,2,147,52,4,5,21,6,9,0,9,17,0,6,15,12,9,24,20,2,2,13,0,3,4,7,32,5,25,6,0,15,4,26,1,14,106,0,0,36,10,4,2,3
27,1,44,7,105,4,4,1,0,139,62,13,4,23,17,7,10,5,29,0,8,9,-1,8,12,28,3,0,17,0,4,5,13,24,2,28,9,3,28,3,19,5,32,128,0,0,29,7,3,7,0
9,0,16,8,111,2,0,1,0,62,60,0,2,22,8,1,0,5,0,1,7,26,15,13,17,13,10,0,2,0,3,6,-3,28,8,4,4,3,22,0,11,2,20,87,3,0,41,0,11,2,0
0,0,9,0,-5,1,0,0,1,9,3,0,2,12,3,0,1,2,26,0,3,15,1,2,1,-9,1,0,4,0,3,2,7,10,0,3,3,1,21,0,11,2,2,35,0,0,25,0,2,1,0
2,0,2,16,51,8,3,6,1,21,2,0,4,17,6,19,7,2,9,1,4,7,11,4,0,40,3,7,-1,0,2,2,5,13,1,8,2,4,31,9,13,0,14,53,1,0,6,7,2,3,0
18,0,19,12,140,3,1,1,0,99,69,0,5,24,8,9,14,7,11,0,12,11,16,10,36,38,3,9,15,0,7,3,-1,37,3,12,14,3,19,2,31,0,27,110,2,0,39,26,5,6,0
31,0,25,20,104,4,1,1,0,202,96,2,2,21,10,5,11,13,21,0,7,19,15,6,24,61,2,4,10,0,6,3,1,25,7,52,8,3,38,3,19,0,16,133,1,0,29,12,2,10,1
18,1,34,17,76,4,2,1,0,177,47,2,4,31,18,5,4,5,16,0,7,15,7,3,4,20,0,1,9,0,9,2,5,35,9,28,11,2,13,4,17,8,35,132,0,0,24,0,6,6,0
-15,5,28,20,144,3,2,1,2,120,50,3,0,33,18,9,1,13,21,0,8,11,8,6,20,20,5,5,8,0,6,6,12,47,7,19,12,5,7,1,18,6,39,50,4,0,23,18,5,10,0
10,0,35,19,55,2,0,2,1,107,41,4,2,21,11,2,0,6,0,0,8,18,16,10,17,43,1,1,10,1,6,5,5,31,8,6,11,4,20,0,26,2,21,155,0,0,8,3,2,6,0
1,4,0,23,20,1,0,0,0,10,31,1,0,12,3,2,2,4,21,0,10,13,0,4,8,-1,2,1,2,0,3,0,9,2,4,1,2,0,3,0,3,0,3,39,5,0,15,0,2,0,0
-1,0,1,21,33,4,2,1,0,5,14,0,0,18,11,8,5,6,15,0,3,11,8,7,2,15,1,2,1,0,1,3,15,9,3,5,1,0,1,3,11,0,12,67,0,0,13,3,3,2,0
16,0,8,21,150,6,2,1,2,106,33,2,6,24,21,17,9,10,10,1,8,8,21,5,36,16,3,6,8,0,10,2,6,42,5,37,11,6,15,3,22,5,31,96,4,0,15,19,8,19,0
23,0,22,19,107,3,3,1,1,174,25,2,3,34,20,17,28,3,21,0,3,33,11,17,12,9,3,0,6,0,5,2,14,54,8,21,13,5,20,1,19,0,36,108,3,0,21,4,5,26,0
8,1,20,15,91,3,3,0,1,127,42,3,4,21,13,8,0,17,8,1,0,24,19,13,10,27,1,4,3,2,5,5,11,36,9,13,4,1,18,3,22,13,44,118,0,0,20,5,4,20,3
2,0,19,7,85,5,2,6,1,110,42,3,5,51,11,11,21,7,26,0,1,10,7,10,20,23,5,1,8,1,4,5,21,27,8,88,9,5,20,1,9,1,16,87,14,0,22,12,1,6,0
8,1,12,16,48,2,0,3,0,74,27,11,2,26,13,4,-1,7,0,0,7,17,15,14,12,13,0,5,12,0,4,3,5,19,7,20,7,6,17,0,33,11,45,133,2,0,20,-1,2,19,0
0,0,1,18,28,6,0,0,2,43,27,3,2,17,5,6,0,3,32,0,1,3,0,7,2,0,1,1,0,1,1,2,19,6,3,0,1,1,16,0,11,0,16,31,2,0,3,0,1,5,0
1,0,1,22,29,8,4,0,0,41,29,1,5,21,7,12,8,6,9,0,3,20,16,3,0,9,3,5,1,1,2,2,14,3,3,6,3,1,13,3,3,0,20,48,5,0,3,15,3,5,0
21,0,6,22,72,9,4,1,0,55,34,3,7,29,30,15,0,7,6,0,6,8,22,4,14,29,2,2,6,2,9,0,9,35,4,16,11,7,18,4,15,0,24,103,6,0,15,8,3,17,0
21,1,20,13,107,3,1,3,1,137,27,3,8,38,16,5,19,6,12,0,6,19,8,14,24,76,1,5,9,2,5,2,14,25,24,23,9,4,29,1,31,10,21,125,10,0,12,13,5,17,0
36,1,10,21,67,10,5,2,2,164,36,1,2,35,15,14,16,11,5,0,6,8,23,6,23,26,4,2,11,0,9,3,9,28,6,13,10,11,25,1,12,14,61,106,5,0,25,6,1,9,1
16,0,3,27,77,8,3,0,0,118,53,2,2,34,19,21,24,11,26,1,11,12,8,14,6,103,9,4,8,2,3,3,8,24,11,11,6,4,15,3,16,5,26,102,4,0,16,8,6,17,0
11,0,13,22,66,6,0,2,2,0,45,2,2,28,21,6,3,10,0,0,5,10,19,10,16,20,3,3,1,5,7,5,8,18,15,3,4,0,34,0,21,9,27,64,4,0,10,1,5,17,0
0,0,0,17,13,13,0,1,1,178,23,1,0,10,7,2,1,2,20,0,4,17,0,10,5,0,1,0,4,1,3,4,4,5,3,2,3,0,5,0,1,0,9,28,6,0,4,0,1,7,0
1,0,0,17,13,10,2,2,0,48,13,0,3,13,6,19,5,5,14,0,4,13,6,3,0,1,2,4,7,0,1,4,17,8,7,6,6,0,18,0,7,2,7,26,6,0,3,3,3,11,0
0,0,8,25,56,37,1,3,0,119,23,4,3,30,27,10,12,18,10,0,9,13,30,7,14,11,5,4,7,0,7,3,9,50,12,12,15,5,14,9,17,0,23,92,0,0,11,19,2,33,3
41,4,5,23,102,5,4,1,1,64,16,10,6,47,14,14,52,7,16,0,10,17,13,29,25,103,8,3,17,2,9,3,11,33,8,16,13,4,23,8,17,3,33,111,5,0,9,8,4,28,0
50,1,17,11,87,1,3,1,0,141,22,1,1,57,28,11,0,16,12,1,6,25,34,19,12,-67,5,10,6,5,6,1,19,17,5,5,11,4,15,2,14,13,35,86,2,0,7,12,2,19,0
30,1,17,20,62,9,2,1,3,94,62,1,8,55,23,8,21,8,20,1,4,30,16,13,8,19,5,10,7,2,5,6,9,39,18,16,11,7,28,3,8,3,11,92,8,0,20,7,3,20,0
2,1,18,19,39,3,0,2,0,87,47,1,3,27,31,4,0,14,0,1,4,21,3,5,11,95,5,1,2,1,2,1,15,17,11,13,14,2,11,0,22,8,28,64,2,0,14,1,3,0,0
0,0,3,20,39,0,0,1,0,50,31,1,0,17,19,4,0,9,23,0,1,14,0,17,0,3,1,0,2,1,7,5,13,6,5,0,3,0,20,0,13,8,9,23,3,0,11,0,0,0,0
1,0,3,10,8,8,12,1,0,54,19,0,3,29,23,16,13,9,16,0,4,16,41,5,0,12,1,11,3,1,3,1,18,8,4,8,2,8,7,7,11,0,12,23,3,0,24,18,0,36,0
16,0,7,14,80,5,5,2,1,84,15,2,6,42,48,28,30,22,6,0,9,5,22,7,31,8,10,7,14,0,13,7,8,49,4,8,18,6,29,5,35,7,28,80,5,0,28,23,9,36,4
23,1,17,23,122,8,8,2,0,105,29,14,10,60,15,18,50,21,18,0,8,22,34,35,21,48,24,11,7,1,18,8,7,45,10,66,19,2,38,5,12,3,22,99,6,0,30,4,5,47,0
15,0,5,21,77,4,2,0,0,57,24,3,9,41,42,23,0,15,9,0,12,30,45,20,8,18,3,3,1,1,18,3,17,47,9,12,11,9,31,4,47,14,37,17,5,0,9,5,5,23,7
16,0,6,10,50,9,8,8,0,73,37,3,8,41,27,12,23,23,21,0,8,20,20,13,7,30,4,9,3,1,10,7,16,30,9,23,13,4,35,4,22,9,60,114,4,0,15,7,4,46,0
7,0,5,15,29,8,0,2,0,77,41,3,5,61,26,5,0,7,0,0,13,9,37,14,17,90,12,9,7,2,8,5,11,30,8,22,11,3,26,0,16,10,24,124,1,0,39,0,0,28,0
0,0,4,15,13,3,0,1,0,12,1,0,1,23,12,1,0,3,17,0,5,25,0,21,0,3,3,1,2,0,4,2,10,13,8,0,4,0,9,0,9,9,38,44,4,0,1,0,1,10,0
0,0,1,21,40,11,12,4,0,20,18,0,8,23,13,22,1,8,17,0,3,17,29,4,8,12,6,4,3,2,7,9,14,17,5,11,2,3,7,7,21,0,27,35,3,0,2,32,1,11,9
26,2,16,24,80,10,6,1,2,56,17,3,6,49,51,23,3,13,18,0,9,7,34,15,20,43,5,14,6,0,14,4,19,36,15,22,22,8,23,4,19,0,44,78,4,0,19,10,8,71,0
19,1,15,18,63,12,9,2,0,66,31,-2,12,52,33,11,28,16,18,0,7,36,21,19,19,28,17,8,10,3,18,11,15,39,12,17,13,8,29,4,34,9,33,96,9,0,16,16,4,57,0
3,5,14,19,26,18,5,1,1,77,45,2,18,51,33,14,1,15,18,0,12,27,45,32,8,38,13,12,3,4,8,3,21,32,11,19,20,1,39,3,13,19,20,121,10,0,20,9,7,55,10
18,4,14,6,60,7,7,15,1,72,31,1,9,49,26,9,21,19,11,0,10,24,13,19,18,36,29,2,7,0,7,13,15,47,13,16,20,3,32,6,7,12,78,105,3,0,7,5,8,26,0
35,1,45,25,34,7,0,4,0,41,22,3,3,18,46,2,0,8,0,1,10,16,35,20,6,76,9,6,2,1,11,11,9,46,12,10,11,13,23,0,39,10,15,72,3,0,11,0,6,58,0
6,1,2,33,10,3,0,2,0,28,2,0,1,61,32,17,0,3,7,0,5,22,1,18,14,1,1,7,4,0,4,8,22,5,7,2,8,1,5,0,1,12,0,33,10,0,1,0,0,18,0
0,1,1,27,29,8,11,0,1,45,18,0,10,24,26,22,17,11,8,1,3,10,16,9,0,10,9,1,2,0,3,10,13,8,9,37,9,3,5,9,10,1,25,44,0,0,3,16,1,7,0
14,0,40,18,51,17,8,2,0,56,27,0,8,62,49,25,5,13,17,0,7,12,42,15,36,35,13,3,22,0,14,9,11,68,16,33,21,7,33,2,22,8,72,96,6,0,8,23,11,62,6
19,0,37,23,67,29,10,0,0,32,466,0,16,62,25,21,36,15,24,2,10,27,25,31,13,30,4,11,9,1,20,14,24,54,12,55,17,6,41,2,17,14,27,148,5,0,11,19,3,58,12
20,0,28,11,48,17,11,4,3,39,56,0,8,95,47,13,0,18,20,0,10,23,50,25,8,31,5,5,9,2,12,23,25,37,28,33,21,3,42,8,7,22,28,130,7,0,11,16,8,36,0
23,0,24,19,73,21,15,0,2,53,30,0,12,78,36,14,85,10,21,0,12,38,50,36,14,20,11,29,21,2,13,6,20,36,17,33,16,6,43,2,13,28,34,125,17,0,-6,10,7,67,0
33,0,36,12,25,13,0,0,2,86,38,1,0,86,45,14,-6,19,0,2,7,23,60,34,14,18,25,5,5,1,9,16,20,21,15,12,9,13,37,0,10,13,48,94,9,1,22,0,15,45,0
2,0,17,17,11,4,0,2,0,21,1,1,6,50,37,3,0,1,20,0,11,20,1,31,10,3,11,0,1,0,4,14,27,1,11,11,0,1,4,0,21,13,5,37,1,0,3,0,0,11,9
0,0,0,23,60,17,27,1,1,58,29,0,13,29,35,27,15,14,12,1,9,14,64,19,0,3,7,4,1,0,11,12,29,8,5,7,6,8,5,9,5,1,16,42,2,0,6,25,28,25,0
36,8,34,4,38,31,9,3,2,69,50,1,16,81,67,26,0,19,10,3,12,21,87,23,37,134,5,26,10,0,21,14,30,47,30,23,7,3,58,4,21,3,62,125,11,0,13,17,16,76,13
81,3,30,14,36,12,9,2,0,52,75,0,18,147,31,29,34,15,0,2,16,21,42,58,17,36,7,0,14,3,15,14,25,38,12,76,19,5,61,6,14,27,88,121,6,0,15,1,7,65,0
12,0,12,18,32,31,10,8,0,72,73,0,15,50,51,20,0,13,39,1,12,20,50,39,17,30,3,27,3,3,19,18,26,7,12,35,11,2,55,7,8,0,24,161,11,0,17,24,2,64,0
18,1,17,4,77,29,11,2,0,73,23,0,3,52,50,25,41,27,24,3,12,23,125,46,5,11,5,22,16,3,27,22,28,19,10,42,12,11,34,4,17,1,63,212,14,0,27,15,10,68,0
15,1,43,11,36,13,0,2,1,44,51,0,7,191,25,13,0,10,0,1,20,28,63,35,21,11,36,1,12,1,26,10,25,34,19,14,23,1,47,0,9,53,25,118,9,0,14,4,9,54,17
2,0,2,24,11,20,0,0,2,29,1,0,0,72,22,4,0,3,11,2,9,36,3,31,3,0,6,1,5,0,18,7,31,47,10,8,12,2,32,0,2,23,17,75,6,0,1,0,8,11,0
1,0,0,42,39,31,22,0,0,41,10,0,10,47,26,34,10,8,7,0,7,11,59,12,2,22,3,14,6,1,14,21,32,13,7,20,10,10,14,16,31,0,28,47,7,0,6,23,3,16,0
52,2,18,20,56,21,12,3,0,85,38,0,30,110,89,41,0,37,17,1,26,20,76,26,36,67,20,22,27,2,38,28,36,38,26,30,6,7,34,8,13,0,69,121,9,0,29,25,13,101,11
46,0,45,30,107,43,13,3,5,87,55,1,12,161,59,38,60,29,28,4,16,47,63,67,20,39,20,10,1,2,37,26,31,46,16,55,26,12,108,6,26,30,52,193,8,1,25,18,14,63,0
72,1,19,22,88,65,21,0,2,79,34,0,23,183,59,25,0,27,15,1,21,28,141,72,18,27,1,24,11,2,34,12,41,41,10,63,18,18,102,4,19,31,77,218,16,1,36,13,11,82,21
32,0,43,24,94,18,23,4,2,79,37,0,11,143,63,32,84,19,34,2,26,34,59,68,23,57,6,59,29,1,23,25,48,44,23,65,15,6,105,6,30,36,74,183,18,1,16,21,16,85,0
6,0,32,16,60,39,0,0,1,41,36,7,2,153,40,32,1,24,0,1,17,19,98,51,15,9,29,8,30,1,34,25,41,23,16,29,21,7,114,0,43,36,7,132,13,1,26,0,19,49,0
0,2,5,20,17,20,0,2,0,61,15,2,1,97,59,11,-1,1,27,2,19,24,0,40,19,4,3,4,5,4,15,33,30,27,6,12,10,0,39,0,9,42,55,79,4,0,0,0,4,7,0
2,0,1,30,42,10,43,4,2,94,17,0,17,77,27,20,52,19,24,1,14,19,63,24,0,9,8,25,8,0,11,17,37,14,6,24,15,8,31,15,5,0,36,61,6,0,4,37,5,13,26
13,13,50,18,107,47,10,5,1,72,7,0,12,153,103,49,-6,32,39,12,33,20,157,38,53,172,15,23,23,1,47,28,43,38,37,98,15,18,82,16,25,2,71,194,11,1,37,32,15,120,0
60,0,14,20,107,62,45,3,4,97,75,2,20,171,63,41,47,37,27,1,37,53,74,75,16,39,23,23,24,1,67,21,43,63,4,156,16,23,148,10,4,28,90,198,24,0,29,18,13,68,13
40,3,39,11,43,47,0,1,0,0,35,2,0,144,63,37,0,8,0,0,29,0,1,0,18,24,5,3,16,0,39,18,69,0,10,0,0,13,109,0,0,0,53,173,0,0,21,0,17,68,0
0,0,20,0,75,21,35,2,0,109,41,3,13,96,33,11,26,26,41,0,22,31,183,101,6,11,0,6,10,3,17,35,45,63,5,72,24,6,24,11,29,39,7,53,15,3,15,3,0,13,0
0,2,36,13,32,14,0,0,1,79,43,0,5,147,69,15,0,19,0,1,33,41,109,45,10,7,12,4,20,6,23,23,45,9,13,32,13,9,42,0,0,54,14,85,14,0,10,0,6,30,0
5,0,11,21,19,13,0,7,2,58,16,4,6,43,22,24,0,11,16,0,23,46,0,57,27,6,2,4,17,3,13,13,52,30,5,21,19,8,69,0,7,1,11,53,5,0,4,0,11,22,0
1,0,5,32,58,35,59,2,0,97,9,0,12,120,38,27,31,26,13,3,16,26,104,15,1,25,12,22,9,0,15,28,49,17,7,30,7,12,33,27,28,3,46,68,3,2,4,67,6,8,0
60,1,52,10,118,76,20,5,5,82,55,0,29,160,141,23,0,32,35,20,32,30,193,22,29,149,16,45,33,2,90,21,72,26,27,119,15,19,175,7,23,2,38,236,19,3,31,32,23,124,15
73,0,63,10,113,90,51,2,5,97,48,0,36,258,109,69,119,27,46,4,42,46,81,77,15,55,13,47,43,9,62,40,64,84,12,123,54,24,189,11,40,47,51,218,16,2,20,52,20,87,0
65,8,79,33,146,109,20,0,2,98,76,2,21,217,60,85,0,61,23,2,49,50,192,92,28,89,10,41,34,7,64,44,60,48,11,82,24,12,205,9,22,38,92,223,12,1,34,61,11,66,27
55,11,51,31,205,40,35,3,1,120,66,10,14,158,89,62,107,31,24,4,26,36,82,61,37,101,5,25,17,8,46,33,63,51,12,129,24,30,181,13,30,31,95,245,8,2,13,22,10,66,0
46,1,55,34,85,40,0,0,2,90,63,5,0,220,85,17,0,25,0,3,30,43,200,75,33,37,6,3,33,7,51,32,79,42,18,65,14,23,142,0,21,27,29,221,13,2,37,3,30,91,0
12,0,10,40,61,22,0,11,2,93,10,1,3,99,35,35,0,9,36,0,26,51,0,64,12,8,2,11,9,5,15,11,64,31,6,13,22,6,58,0,49,19,37,76,0,0,3,0,9,18,0
3,3,0,53,115,29,78,0,4,105,43,0,22,107,42,6,70,26,23,0,19,31,102,21,0,32,7,32,8,2,15,7,85,20,9,63,15,16,42,35,13,0,65,71,10,2,8,15,3,23,23
50,0,35,39,186,42,18,10,0,96,23,0,19,158,126,192,0,52,45,12,51,41,205,22,56,142,20,44,42,0,90,33,86,44,36,80,11,33,161,22,6,1,98,181,23,4,52,22,29,80,0
43,4,96,34,228,163,43,0,3,84,48,4,43,229,96,102,85,31,32,7,46,90,79,82,24,46,8,16,27,4,116,34,76,62,17,84,23,30,247,14,27,36,62,288,23,1,21,44,31,90,19
49,5,92,34,170,124,42,3,4,129,53,2,21,231,97,99,0,28,40,0,50,43,196,89,42,50,15,47,53,14,66,23,85,48,28,111,35,12,227,14,15,30,70,240,21,3,54,-71,20,67,0
52,3,77,55,218,63,36,1,1,123,55,1,24,224,70,77,131,29,43,4,52,48,66,94,41,14,19,19,40,6,54,43,99,39,27,128,27,23,232,11,46,33,88,241,11,4,35,22,17,56,22
16,18,90,36,104,58,0,8,4,71,41,2,4,156,85,15,0,30,0,7,36,50,225,67,56,50,11,18,42,10,70,24,91,40,22,51,35,8,191,0,12,33,73,192,12,2,39,-54,28,57,0
0,0,17,34,85,66,0,1,2,81,2,3,6,108,47,1,0,7,51,0,17,42,0,85,19,7,2,4,15,3,19,44,124,24,0,15,22,3,124,0,54,16,62,101,16,0,2,2,2,15,0
0,0,1,45,153,33,81,0,1,137,22,0,20,118,35,60,37,19,27,2,25,39,96,18,5,26,0,43,12,1,24,21,90,44,5,59,8,10,55,46,12,0,78,81,10,1,3,39,10,15,0
22,3,70,26,287,116,22,10,4,79,53,0,20,133,128,68,0,27,50,6,64,55,206,21,48,172,8,22,52,0,97,28,137,27,13,103,14,45,262,15,5,2,73,214,13,4,56,39,34,53,7
74,2,130,58,398,61,40,7,0,122,57,4,28,189,133,17,144,30,38,2,64,70,94,92,42,84,10,8,50,21,131,43,97,104,25,123,42,54,270,20,44,39,53,282,24,5,38,16,27,87,0
56,2,153,38,274,73,46,12,5,101,61,2,19,207,79,97,0,46,31,9,49,45,211,83,26,58,13,10,21,4,77,54,125,90,9,117,16,17,242,12,43,1,173,258,24,0,45,31,32,67,23
42,0,108,27,341,58,29,9,3,96,35,1,14,219,85,0,88,43,30,5,39,52,68,65,34,69,6,18,48,9,44,25,128,52,21,73,17,22,222,23,29,29,114,272,14,2,45,-2,20,69,0
93,1,137,52,155,77,0,4,2,72,45,0,0,120,73,82,0,19,0,11,54,47,205,57,36,66,9,5,26,12,49,27,122,50,6,64,28,34,205,0,23,20,56,233,8,1,45,1,31,89,0
0,-1,15,46,85,20,0,4,7,95,2,1,4,81,66,56,0,28,48,0,36,60,0,70,19,26,1,10,32,6,21,16,120,37,0,16,23,1,95,0,40,11,54,107,7,3,7,1,6,21,0
0,0,1,58,244,12,95,9,5,112,16,0,21,123,34,0,107,36,65,1,23,42,80,22,2,29,16,25,15,0,29,9,130,26,2,75,6,10,57,45,27,20,65,216,8,0,4,16,1,9,0
63,10,161,43,274,32,27,1,2,74,63,0,12,147,143,64,0,38,51,10,48,45,187,24,79,183,20,13,31,0,103,23,153,57,5,130,22,31,223,8,14,0,133,199,12,1,51,28,42,128,22
135,3,51,38,379,67,33,0,7,120,58,3,26,169,64,15,59,35,68,8,49,83,72,75,43,114,16,44,53,21,140,40,154,76,5,109,43,27,226,26,52,8,111,261,21,5,55,31,23,74,0
89,2,117,30,311,79,55,16,5,121,63,0,10,118,85,71,0,6,46,6,59,76,1,79,23,39,1,4,41,13,78,29,150,2,18,95,45,8,289,0,15,41,51,255,9,3,31,23,34,66,0
4,0,108,32,20,21,0,3,0,0,47,0,0,191,40,5,0,2,0,2,32,0,0,0,6,6,0,-7,17,0,51,37,135,0,4,0,0,14,133,0,0,0,0,163,0,0,29,0,19,6,0
5,1,15,3,257,21,0,4,6,140,49,0,4,70,31,0,0,39,0,0,21,47,274,57,3,9,1,1,8,11,18,9,131,154,0,20,29,0,23,0,81,16,15,20,7,1,20,15,6,4,0
6,0,3,41,62,8,0,2,6,77,4,0,0,111,42,1,0,24,19,4,32,100,0,40,41,14,5,0,14,7,17,30,130,18,2,33,13,5,125,0,31,0,69,48,2,6,14,0,1,10,0
21,0,42,55,246,39,113,1,3,96,7,0,24,140,43,0,41,26,45,3,28,48,64,13,28,12,3,30,8,7,21,36,118,9,4,62,13,2,74,38,18,0,73,135,9,2,7,17,9,23,32
25,1,178,66,425,59,20,0,4,101,76,0,15,130,165,67,0,32,61,7,63,60,212,36,85,98,12,16,62,20,126,21,138,29,6,151,22,19,275,18,25,0,123,254,15,1,59,133,21,92,0
37,2,79,34,437,64,40,23,5,137,64,0,13,207,109,10,193,40,51,1,45,120,52,66,28,80,11,10,46,6,175,33,156,150,6,133,48,21,329,17,51,18,101,322,21,4,64,53,34,38,0
53,3,153,39,574,57,31,5,6,127,85,3,29,166,103,69,0,13,40,13,47,85,2,61,40,41,12,39,55,18,90,41,145,31,10,107,36,7,302,0,47,24,98,334,11,2,48,37,20,50,33
45,0,136,35,271,57,0,4,2,0,22,1,0,0,108,7,138,0,0,0,47,0,1,0,29,19,0,17,10,0,118,25,176,8,17,0,0,16,227,0,0,0,0,279,3,0,49,0,23,12,0
0,9,46,18,306,40,104,0,4,217,2,0,13,238,39,48,0,43,0,11,25,79,285,54,24,4,9,1,12,10,27,32,121,114,1,55,38,2,23,0,89,13,62,74,21,3,36,1,12,2,0
1,0,0,20,93,21,0,0,2,97,4,0,0,105,65,0,0,14,49,1,27,108,0,53,31,18,1,0,37,11,21,17,147,30,0,59,20,7,54,0,84,12,54,46,7,1,7,0,3,5,0
5,2,3,51,360,14,69,7,3,103,7,0,11,92,39,46,18,54,48,1,33,59,85,13,13,13,3,19,14,1,36,23,166,37,2,67,5,7,70,78,15,0,139,127,6,4,8,34,20,9,0
8,0,290,36,491,47,24,10,4,98,102,0,12,155,149,7,0,26,50,9,55,65,217,18,91,182,31,20,37,11,138,20,148,80,17,104,19,33,189,15,14,0,99,268,7,5,59,53,46,97,26
108,2,113,65,554,22,38,0,5,129,89,10,21,169,80,61,130,42,46,3,50,102,59,76,38,44,9,9,55,24,141,47,171,69,5,121,62,21,377,20,84,6,112,329,19,3,35,70,39,72,0
86,3,297,25,514,84,57,2,2,164,64,0,24,206,80,5,0,26,47,13,41,73,206,44,48,71,24,125,48,11,123,39,197,113,7,94,39,6,260,20,79,25,112,367,29,3,49,38,37,43,25
111,0,206,40,674,43,37,8,1,185,80,4,7,166,69,59,121,33,105,41,43,76,40,48,40,38,10,-73,60,19,110,30,163,121,12,82,31,13,207,6,34,12,125,464,21,1,37,49,36,45,0
108,1,113,44,471,55,0,12,4,138,138,4,4,102,74,3,0,20,0,6,30,89,231,43,45,33,5,4,48,16,98,22,195,85,0,55,35,17,254,0,63,14,85,332,9,0,69,7,16,38,0
35,0,58,33,301,17,0,3,4,108,1,1,6,83,19,11,0,10,40,0,26,77,0,44,21,7,2,3,13,7,32,17,167,141,0,28,23,0,99,0,53,15,81,158,1,0,2,1,12,3,0
13,0,6,38,381,12,92,14,4,159,16,0,16,70,31,1,107,23,45,6,29,55,49,4,19,20,1,20,33,0,46,15,196,26,0,75,14,21,81,31,15,0,80,121,7,0,10,17,12,5,0
226,1,390,40,724,35,33,5,4,156,184,0,11,132,88,83,0,37,53,11,66,67,103,13,98,159,10,24,48,9,107,30,184,52,3,100,29,41,230,23,34,0,146,297,22,2,84,76,40,59,33
187,1,152,65,548,28,87,3,6,169,138,3,13,122,59,10,100,40,51,4,37,86,39,50,31,43,2,11,45,7,127,13,172,109,1,79,44,47,367,17,51,19,131,379,27,0,75,40,37,44,0
185,2,187,42,593,31,17,1,11,217,164,6,17,109,39,19,0,49,58,8,45,74,175,43,41,52,10,15,68,12,87,29,237,92,8,109,34,21,294,9,23,10,83,423,12,4,74,40,31,50,0
85,1,184,35,701,32,41,7,0,186,158,0,13,148,44,6,159,22,0,16,45,76,39,33,55,29,7,19,40,11,67,38,206,108,23,67,43,26,226,9,103,15,78,393,14,1,30,23,31,42,0
89,0,188,30,446,23,0,14,5,205,143,2,1,145,41,64,-12,25,0,30,47,74,119,37,70,25,2,0,60,19,94,36,173,64,8,78,27,37,210,0,71,4,43,369,11,0,50,-1,28,135,0
1,0,18,18,200,14,0,0,3,133,6,2,2,31,23,2,0,8,123,4,26,69,0,40,40,3,4,1,20,6,25,22,194,65,3,65,35,1,122,0,129,23,36,166,7,0,23,0,15,1,0
1,0,-1,32,149,8,76,0,7,137,61,0,0,67,30,1,23,34,50,3,29,53,19,12,3,8,1,3,0,0,19,26,183,6,0,81,7,10,80,0,11,11,38,111,7,0,10,3,8,23,0
5,1,1,43,648,11,12,5,4,162,212,2,30,35,126,8,1,27,71,5,54,44,47,6,50,17,0,6,10,5,54,17,180,65,2,55,43,5,77,40,11,0,41,318,7,0,59,46,31,44,28
157,23,298,55,611,36,44,5,2,142,194,1,-2,131,63,62,58,51,59,11,39,80,35,34,64,196,1,22,75,12,155,34,215,71,1,73,48,25,401,13,69,0,86,456,11,2,63,1,21,62,0
96,1,249,55,703,14,48,1,1,161,111,3,21,138,64,51,-9,44,59,6,46,77,163,32,30,41,8,13,46,12,93,35,200,130,13,109,55,9,260,18,45,6,129,443,30,3,79,110,13,55,0
107,0,201,53,622,25,45,0,3,272,169,4,11,112,49,33,23,42,41,4,57,81,18,21,45,23,4,11,52,9,115,33,182,114,6,81,47,24,194,7,31,11,89,421,23,1,62,47,7,49,21
171,5,156,14,492,13,0,9,3,153,181,4,1,110,51,8,0,31,0,4,45,77,230,31,39,17,36,6,50,10,59,38,164,112,8,81,44,8,204,0,75,12,41,363,11,1,77,4,16,47,0
3,0,68,43,300,27,0,5,2,129,4,6,1,35,23,1,0,30,82,0,28,69,0,32,20,7,10,0,10,6,17,30,195,116,0,31,48,3,83,0,68,9,40,191,13,0,-1,0,23,6,0
2,0,1,44,381,14,92,8,7,153,52,0,16,64,12,1,24,43,25,3,35,45,38,3,5,12,0,18,5,3,21,12,201,38,0,57,14,7,55,27,5,0,111,186,4,1,3,39,4,10,0
234,1,250,40,723,15,23,16,9,227,175,59,4,109,79,4,3,39,31,11,63,42,86,8,75,114,34,13,60,4,133,14,183,62,4,88,30,17,219,16,26,0,191,308,15,0,93,24,29,65,25
276,1,179,52,705,31,42,7,7,160,157,3,25,97,38,8,93,36,67,4,33,84,9,18,65,36,16,13,47,12,129,27,161,120,1,75,65,27,222,9,95,34,152,480,6,1,54,49,25,38,0
168,1,193,42,600,22,44,3,7,202,182,2,8,124,34,32,0,58,55,5,41,44,90,16,28,23,11,3,49,16,67,28,205,140,1,75,35,10,245,9,230,24,102,410,0,0,80,34,30,33,0
226,0,186,47,665,24,26,3,5,219,153,1,3,73,46,45,61,47,58,3,39,96,8,28,38,21,15,7,37,14,82,22,186,114,2,67,48,10,174,10,39,5,42,370,36,0,71,40,23,54,0
0,0,64,7,502,2,0,3,2,106,219,0,0,66,42,74,0,57,0,20,31,87,115,19,35,13,5,5,43,6,72,17,171,2,3,51,33,16,134,0,72,7,109,292,8,1,70,0,9,40,0
122,0,9,30,234,15,0,9,4,119,2,3,0,29,7,250,0,10,58,0,20,46,0,13,27,1,1,0,3,15,29,18,182,166,0,54,43,0,57,0,28,3,74,146,1,1,15,1,9,4,0
0,0,4,27,356,26,73,11,3,206,43,0,10,31,15,5,30,18,53,5,27,30,11,2,11,6,1,6,10,2,29,12,176,16,0,55,17,8,26,19,241,0,103,163,4,1,10,35,4,2,0
206,16,291,44,574,10,14,7,5,137,203,0,6,63,65,13,0,33,41,23,34,45,72,8,76,228,15,5,47,7,71,15,170,80,0,106,38,21,125,13,35,1,146,355,18,1,43,-2,3,46,28
309,0,178,46,576,12,24,22,5,197,129,4,7,84,37,56,86,39,53,9,32,56,34,24,26,81,54,6,48,10,109,28,163,148,0,92,52,10,144,12,76,3,133,443,12,3,58,64,27,15,0
162,0,199,24,628,15,28,5,6,228,162,2,-1,77,1546,58,0,50,38,3,31,76,81,17,24,27,6,25,52,9,100,17,155,142,0,79,27,7,133,11,93,6,168,407,12,2,75,26,22,49,0
84,0,173,41,569,30,29,56,8,210,98,0,11,106,49,34,206,32,32,2,36,75,25,22,40,22,2,9,38,6,93,23,170,113,4,61,29,4,130,3,66,10,200,429,18,0,82,34,20,30,0
64,0,74,11,356,15,0,11,7,142,229,0,9,73,66,41,0,53,0,2,42,62,104,16,44,17,1,5,32,7,78,8,198,82,2,81,51,10,149,0,58,6,58,291,4,1,41,1,19,36,0
2,0,12,15,165,9,0,6,5,97,0,2,0,62,65,0,0,22,43,1,20,78,0,10,3,5,2,0,23,6,25,13,177,55,0,7,52,2,71,0,40,5,5,160,3,1,5,4,10,2,0
8,0,4,30,288,4,68,0,4,119,37,0,9,41,58,2,96,52,23,1,23,55,11,3,1,16,0,11,3,2,22,13,125,13,1,36,4,9,4,24,39,0,95,165,3,0,42,9,2,2,0
56,0,262,42,533,10,16,13,5,233,170,0,4,23,67,35,0,28,20,3,41,70,60,6,72,11,1,8,41,3,92,18,171,58,3,98,53,7,159,12,3,0,63,318,9,3,78,95,19,50,23
309,0,190,26,463,26,28,24,4,160,117,5,11,67,59,29,106,35,50,2,33,83,15,11,25,17,5,9,20,7,88,31,168,138,2,63,30,10,139,11,49,6,98,324,18,1,34,40,25,39,0
133,0,183,25,540,13,28,17,8,174,84,1,0,116,26,22,0,36,27,0,21,62,80,24,23,192,1,8,55,1,138,18,141,110,1,721,48,7,113,15,95,14,95,364,10,1,26,26,12,17,0
159,2,153,13,459,12,27,7,3,183,189,1,8,42,90,27,61,45,37,2,36,89,9,19,39,42,3,7,28,9,64,23,146,72,1,2559,11,42,99,16,57,2,81,402,10,1,8,38,13,12,0
62,0,114,40,430,20,0,13,3,118,138,0,4,60,32,13,0,21,0,4,33,66,90,7,32,30,3,-1,27,4,47,14,157,74,0,1204,35,28,107,0,17,7,9,257,4,0,30,0,1,10,0
0,0,21,13,190,8,0,1,0,96,20,1,0,34,24,0,0,6,16,2,18,60,0,7,1,5,0,0,14,3,14,13,136,42,0,6,30,0,22,0,87,6,31,120,4,0,16,0,9,1,0
2,0,0,10,60,3,66,0,1,155,54,0,0,45,18,1,42,17,33,0,26,33,11,2,2,4,1,1,13,2,12,9,121,21,0,48,17,0,21,44,36,0,4,44,2,1,4,0,2,5,0
13,5,3,12,331,8,2,8,2,220,240,0,3,33,40,26,0,27,0,2,32,50,19,2,37,9,3,4,14,1,31,12,131,66,0,59,20,1,9,10,21,0,16,62,1,1,21,38,4,39,15
89,1,103,26,456,13,27,25,3,157,88,1,11,25,19,43,115,20,66,3,18,56,13,10,23,41,3,18,40,12,92,12,124,101,0,60,28,11,194,8,62,0,30,104,9,0,38,47,9,11,0
78,0,210,10,432,21,20,10,7,163,127,1,9,73,31,15,5,28,15,1,31,63,92,14,7,158,3,5,31,2,132,18,150,92,4,98,23,6,92,15,38,3,72,114,7,2,15,44,11,17,0
149,1,145,13,460,14,27,17,1,218,204,2,1,71,44,15,88,23,34,1,16,40,22,8,3,53,2,16,31,2,63,19,162,59,0,82,20,0,77,9,58,6,7,236,21,0,8,18,12,36,0
17,0,41,12,317,4,0,23,1,121,123,0,0,58,11,0,0,23,0,2,20,53,67,11,19,11,2,2,32,1,50,11,114,67,2,56,23,4,86,0,43,6,51,202,8,3,99,0,6,19,0
2,0,25,9,229,5,0,1,1,93,2,1,0,40,36,0,0,19,26,0,18,47,0,9,0,0,1,0,2,1,24,14,113,27,1,67,26,0,25,0,68,4,18,119,10,1,134,0,7,0,0
0,1,-3,6,191,1,39,1,0,159,78,0,-1,40,35,38,29,15,11,0,17,27,2,1,0,16,-1,2,10,0,16,11,108,19,0,58,22,7,17,90,8,0,19,163,1,1,155,38,2,1,0
68,0,149,14,338,13,10,11,3,148,88,0,14,22,43,26,0,17,26,2,30,30,37,1,24,117,5,1,21,1,104,9,108,31,1,98,24,5,92,10,25,0,49,244,12,1,172,23,11,38,9
84,0,42,10,1084,9,23,23,3,127,131,4,0,47,17,15,81,50,25,17,27,62,9,9,28,32,2,7,19,2,57,14,118,93,1,76,37,33,83,11,41,1,67,325,14,2,149,41,11,26,0
87,0,128,10,432,7,19,4,4,138,131,0,13,32,27,23,0,36,33,24,16,33,48,7,8,39,2,4,12,6,70,13,110,62,1,80,38,10,78,9,45,8,53,297,11,2,156,27,5,58,0
38,0,76,10,409,4,8,12,4,146,19,2,7,68,37,25,11,24,26,0,33,46,1,12,25,16,6,12,8,4,87,14,124,54,1,57,18,2,69,6,34,7,56,283,17,1,234,9,1,6,0
61,0,70,10,185,15,0,0,1,110,74,2,0,35,25,7,0,30,0,1,18,43,69,13,31,12,0,4,15,3,46,15,111,24,3,54,59,2,0,0,21,7,15,139,22,0,185,0,6,15,0
-1,0,13,-174,234,7,0,4,7,118,1,0,0,25,17,0,0,10,21,1,13,51,0,8,12,-1,1,0,0,0,14,14,118,1,0,60,49,0,77,0,48,2,18,177,6,0,170,0,3,0,0
2,10,-1,7,274,1,29,0,2,147,77,0,7,24,22,2,8,16,20,0,10,26,11,3,0,3,0,6,0,0,21,15,104,45,0,49,50,4,9,15,16,0,10,129,5,1,231,14,0,0,0
60,1,86,4,287,8,7,4,0,136,102,0,5,44,28,26,0,20,19,0,26,38,25,4,43,17,15,5,15,0,48,11,98,34,2,-598,56,9,70,8,14,0,15,275,9,1,160,18,1,36,11
38,1,24,7,292,9,20,14,4,132,143,2,5,50,10,3,73,31,21,2,14,70,7,17,19,163,1,3,16,5,62,13,119,69,1,0,0,31,79,9,44,5,23,274,6,1,383,19,8,19,0
65,0,96,12,391,3,15,4,1,120,119,0,0,49,30,35,0,33,18,0,3,44,39,14,21,6,3,0,17,3,108,16,101,45,0,0,0,22,51,5,40,3,42,293,10,0,31,23,0,13,0
28,1,87,10,381,9,11,9,3,135,62,2,1,44,34,13,-4,26,30,-1,8,26,11,13,19,28,4,9,19,0,30,18,107,41,0,752,0,17,46,2,39,0,32,275,5,0,71,6,9,12,0
27,0,51,14,286,0,0,11,3,98,87,1,2,56,29,4,0,40,0,0,11,52,56,12,22,7,1,1,12,3,36,9,95,45,1,0,0,2,51,0,20,2,8,186,5,1,91,3,5,8,0
-1,0,5,22,93,0,0,9,0,63,1,1,0,12,11,6,0,10,32,2,14,43,0,4,3,2,0,0,1,3,17,10,90,2,0,0,0,0,31,0,35,2,3,65,1,0,77,1,2,4,0
0,-1,0,24,160,4,21,2,5,81,41,0,11,6,7,1,4,8,10,0,8,18,5,6,0,2,0,1,3,0,16,5,64,34,0,0,0,3,8,8,6,1,9,124,1,0,87,21,0,0,0
38,0,-2,14,243,5,14,7,1,125,29,0,1,19,18,15,0,31,11,17,25,21,31,140,26,105,4,-3,14,1,45,19,79,21,0,160,167,3,44,7,3,0,30,184,13,3,107,12,1,27,9
36,0,78,25,257,8,13,10,1,59,73,3,9,28,13,27,35,25,43,0,14,53,7,9,11,13,2,10,15,2,56,9,92,51,2,0,0,5,40,3,18,3,17,202,2,0,59,18,4,13,0
52,0,60,28,255,16,9,2,1,92,79,0,6,55,27,20,0,26,16,0,12,42,22,19,19,15,4,3,11,4,46,6,116,21,4,0,0,9,48,4,41,1,14,212,23,0,53,8,8,11,0
25,1,55,27,204,5,4,2,0,105,45,1,3,41,22,10,-27,28,33,0,16,29,8,13,19,9,1,2,19,4,117,4,69,39,1,209,0,5,43,4,11,2,16,223,2,1,59,16,173,5,0
28,0,27,18,1037,5,0,8,2,80,51,1,1,25,22,2,0,33,0,1,8,34,39,4,13,17,0,0,20,4,34,1,93,28,2,0,0,1,0,0,37,2,0,141,4,2,24,0,8,13,0
0,0,7,19,150,0,0,3,1,30,-1,1,0,18,10,8,0,10,23,0,10,31,0,5,5,1,0,0,0,0,15,2,105,3,0,0,0,0,0,0,5,3,0,56,6,0,34,0,11,-2,0
2,0,0,7,107,3,23,4,1,93,45,0,5,10,8,1,11,24,19,1,7,28,11,1,2,1,1,0,2,0,22,1,62,20,0,0,0,4,54,9,3,0,-1,102,0,0,41,9,1,1,0
8,0,21,12,113,8,11,3,0,101,25,0,13,19,12,15,0,19,22,0,25,15,26,2,26,26,3,2,15,3,41,7,87,14,1,121,87,15,84,7,3,0,12,134,5,1,44,14,15,5,2
26,1,12,14,233,7,8,2,2,55,66,0,6,20,17,10,2,31,30,0,19,44,4,7,7,9,1,0,12,0,38,12,62,30,1,0,0,10,35,5,52,3,8,173,5,2,50,6,19,19,0
28,3,59,8,237,8,15,1,2,94,60,0,3,32,14,5,0,327,19,2,14,27,35,6,2,5,9,3,9,5,72,5,87,29,0,0,0,4,32,6,5,4,23,199,4,0,28,13,5,8,0
34,0,50,14,204,-2,10,5,1,53,42,1,4,17,15,0,5,220,14,1,19,44,13,9,7,2,3,2,4,6,27,5,75,21,1,348,0,7,36,1,28,0,28,166,17,0,-90,-1,30,14,0
11,0,38,4,78,6,0,4,2,62,62,1,0,25,4,2,0,33,0,0,26,29,49,6,10,3,5,0,10,4,31,7,68,15,1,0,0,4,24,0,11,3,0,97,2,2,14,0,0,16,0
0,0,12,6,91,0,0,3,1,29,0,1,0,28,20,1,0,16,0,1,12,35,0,5,1,6,0,0,1,0,40,0,26,1,0,0,0,1,12,0,30,1,0,45,2,0,11,0,6,0,0
0,0,0,5,184,1,9,2,0,37,25,0,5,22,1,0,8,54,42,0,14,27,7,0,0,2,0,1,2,0,7,3,17,16,0,0,0,3,-14,9,20,0,4,109,0,0,12,8,6,0,0
14,2,53,3,166,1,4,4,1,41,31,0,5,12,12,7,0,17,7,2,11,21,19,7,21,57,4,0,14,1,61,11,18,13,2,42,0,3,37,2,3,0,33,85,15,1,8,17,1,0,2
37,0,44,13,251,8,7,0,2,30,70,3,1,17,16,6,31,47,19,0,19,55,17,9,4,11,12,29,15,10,51,6,254,97,1,0,62,0,58,0,25,1,44,163,5,2,6,1,6,23,0
17,1,32,11,226,3,10,1,0,107,90,1,2,34,7,19,0,93,17,0,3,40,54,26,6,11,4,7,12,1,37,7,74,50,2,0,0,1,38,1,28,3,5,129,7,1,4,36,5,4,0
19,0,24,12,217,0,3,0,2,159,94,1,0,30,20,8,10,37,14,0,15,41,21,7,11,7,0,0,11,2,28,7,58,24,1,144,0,3,41,1,9,1,21,133,2,1,7,2,4,4,0
3,0,15,7,171,4,0,8,1,26,74,3,0,26,9,2,0,12,0,5,14,35,23,4,2,32,1,1,10,4,24,2,83,0,0,0,0,2,31,0,12,5,0,86,10,0,24,0,3,3,0
0,0,6,5,126,0,0,0,0,36,0,0,0,23,12,7,0,9,0,0,5,29,0,5,1,1,0,0,0,2,7,0,91,2,0,0,0,0,14,0,18,0,0,51,13,1,20,0,3,0,0
0,0,-1,6,88,1,18,8,3,69,32,0,3,6,5,4,11,42,35,0,9,15,10,5,0,-23,0,-1,1,0,15,0,111,59,0,0,0,4,15,5,0,0,48,46,0,0,21,8,4,3,0
1,0,23,15,101,6,2,7,2,91,25,0,0,15,10,0,0,22,10,2,13,18,52,1,12,51,1,1,2,0,82,7,48,6,0,83,0,5,33,5,4,2,28,111,4,0,23,6,2,15,0
27,0,26,10,144,3,1,0,3,87,67,1,5,37,1,14,11,25,9,5,13,37,12,12,19,6,0,1,10,1,42,5,94,21,0,0,103,1,44,1,20,0,9,120,4,2,10,7,36,23,5
-1,0,10,10,136,8,14,0,2,69,63,0,2,22,9,8,0,21,20,1,17,32,53,12,16,4,1,0,7,7,63,5,82,23,0,0,0,2,29,5,28,3,11,114,3,0,16,7,7,11,0
54,0,12,3,205,1,4,6,3,92,56,0,2,25,21,3,19,20,0,0,16,32,20,4,3,4,16,0,4,0,24,7,74,1,0,34,0,4,27,6,5,0,0,101,6,1,11,9,5,11,0
30,0,2,2,74,3,0,0,1,66,31,4,0,9,5,68,0,18,0,1,23,32,64,11,4,3,11,3,14,2,17,0,96,0,0,0,0,4,37,0,17,0,0,76,1,1,8,1,5,4,0
0,0,3,2,51,3,0,1,0,22,2,0,0,19,0,0,0,0,0,0,8,0,0,0,0,0,1,0,0,2,5,0,82,0,0,0,0,1,7,0,0,0,0,20,0,0,42,0,2,-1,0
1,0,-4,5,62,0,19,0,2,36,0,0,6,11,1,0,-5,57,4,1,13,44,25,10,0,2,0,2,1,0,12,4,71,39,-1,0,0,2,4,-1,7,0,19,30,1,0,31,12,1,1,0
14,0,7,5,86,4,7,1,2,70,26,0,2,8,9,13,0,11,9,0,15,12,58,4,18,9,11,1,22,0,51,8,44,11,2,98,0,23,37,3,1,0,38,87,4,0,41,12,11,8,1
0,0,28,7,102,1,5,0,2,42,63,0,7,29,15,1,5,17,11,1,11,21,30,19,4,2,13,1,11,1,44,2,93,24,0,0,1716,14,51,3,9,0,9,108,2,1,14,7,15,7,0
23,0,30,2,139,5,5,1,1,84,66,3,7,38,15,7,0,19,15,1,21,8,78,14,5,0,6,26,5,1,39,11,56,15,0,0,0,4,38,1,24,1,20,98,10,0,21,10,13,14,0
11,0,7,-1,157,3,4,5,2,62,45,0,4,22,17,6,6,14,16,2,14,10,31,10,4,-1,25,11,10,2,43,2,77,23,2,86,0,1,41,2,11,7,5,106,8,1,15,6,2,5,0
26,0,30,0,89,6,0,4,2,46,61,1,0,15,7,8,0,16,0,0,20,3,81,12,9,6,2,1,9,3,33,0,62,1,1,0,0,0,36,0,25,0,0,65,2,0,7,0,5,4,0
0,0,-6,0,85,1,0,1,0,7,0,0,0,16,10,0,0,6,0,0,11,8,0,13,1,1,0,1,0,1,11,0,83,2,0,0,0,0,2,0,3,0,0,24,0,0,14,0,3,1,0
0,1,0,4,38,-1,13,3,3,35,34,0,6,16,3,0,-8,5,25,1,15,19,14,2,0,3,3,4,0,0,26,3,83,44,0,0,0,4,1,0,0,1,14,24,0,2,14,7,0,3,0
10,0,19,8,51,97,17,6,1,64,24,0,1,17,16,1,0,3,14,2,14,7,82,3,23,67,0,3,7,0,49,9,52,15,2,90,0,3,67,2,13,0,7,63,2,0,20,11,2,10,2
6,0,4,7,175,3,10,4,3,44,51,2,6,39,20,0,14,22,9,4,9,14,35,16,3,24,0,-8,14,4,42,8,94,18,1,0,28,5,53,2,15,1,13,68,0,4,4,16,9,8,0
8,18,14,6,87,6,6,4,2,74,62,0,9,31,7,13,0,25,9,1,19,5,123,11,5,5,2,0,6,3,47,1,73,32,1,0,0,4,43,4,3,1,8,83,1,3,19,5,16,4,0
3,0,30,6,114,11,5,1,3,92,50,1,1,24,17,7,9,10,9,5,16,13,42,6,12,5,10,3,6,2,60,4,53,29,3,74,0,4,58,1,2,3,9,69,2,2,20,15,5,6,0
51,0,-2,1,66,1,0,6,2,74,39,0,0,25,5,4,0,12,0,1,17,10,74,10,14,4,8,4,0,0,40,0,69,2,1,0,0,1,38,0,12,1,0,50,0,0,15,0,3,10,0
0,0,2,1,45,3,0,0,1,35,1,0,0,10,8,0,48,8,0,1,17,7,0,15,0,0,1,0,0,4,9,0,43,0,0,0,0,0,25,0,15,0,0,33,0,0,17,0,5,-2,0
0,0,0,5,12,7,19,0,0,32,25,0,6,21,2,5,4,7,11,2,12,19,65,6,0,2,0,9,3,0,18,6,45,27,0,0,0,2,0,4,16,0,35,21,2,0,14,12,0,1,0
8,0,40,7,77,9,6,1,1,62,13,0,-1,13,8,7,-7,12,13,0,18,3,88,5,8,35,5,4,9,1,45,3,61,17,3,42,0,1,77,3,3,0,15,49,8,0,30,12,4,6,2
9,0,6,2,88,6,7,0,0,83,29,0,6,29,14,5,4,15,10,1,13,14,44,13,2,9,5,2,11,2,46,10,45,40,2,0,19,8,65,4,10,1,15,87,3,1,15,15,11,3,0
17,0,22,3,91,8,12,1,1,80,44,2,0,38,4,5,0,25,8,1,20,17,120,10,10,8,0,0,12,1,30,3,71,34,0,0,0,1,48,2,23,2,19,68,1,0,13,6,8,8,0
16,0,17,5,100,8,8,5,1,63,41,1,4,27,4,3,7,23,12,2,8,13,33,10,2,3,2,6,22,7,46,1,62,18,2,89,0,9,56,0,16,1,10,64,1,0,13,5,5,14,0
11,0,22,1,38,13,0,6,0,53,56,1,0,31,15,20,0,27,0,1,15,16,126,8,0,7,4,1,0,1,39,0,58,1,0,0,0,3,43,0,10,1,0,42,1,1,9,1,4,22,0
0,0,8,1,35,7,0,1,0,36,2,0,0,25,3,0,0,13,0,0,13,6,0,7,0,1,0,0,0,2,13,0,52,0,0,0,0,1,5,0,16,0,0,13,2,0,16,0,4,-1,0
1,12,0,2,22,2,19,1,0,64,34,0,3,11,6,0,1,18,6,0,9,12,41,0,3,2,0,5,11,2,19,3,40,34,0,0,0,4,4,3,3,2,10,33,1,0,15,20,0,0,0
2,0,8,5,19,12,1,0,1,46,16,1,7,24,13,3,0,20,10,5,18,4,113,12,10,35,3,1,11,8,61,12,76,24,0,66,0,1,78,1,2,1,11,60,3,1,18,12,-159,21,2
25,0,6,1,67,4,13,5,4,72,68,3,4,37,19,1,11,7,15,1,21,12,37,22,5,13,1,0,4,2,35,12,21,31,0,0,72,4,65,4,37,1,8,78,4,1,12,12,11,40,0
8,0,23,9,79,16,4,2,1,54,57,1,1,41,12,0,0,10,9,4,9,16,116,30,2,7,3,3,11,5,34,7,69,16,5,0,0,1,48,1,23,0,17,65,7,0,15,13,1,8,0
9,0,19,4,106,10,13,1,0,77,32,0,0,39,8,19,4,8,6,2,26,16,38,16,4,6,2,1,5,2,25,9,51,18,1,96,0,4,42,2,2,5,9,67,5,0,19,12,5,8,0
17,0,14,2,97,2,0,1,1,78,22,0,0,39,6,2,0,11,0,5,20,7,140,10,0,7,2,0,0,1,34,0,63,1,2,0,0,3,32,0,9,0,0,52,1,1,7,0,0,19,0
0,0,6,2,71,4,0,0,0,29,0,0,0,28,11,7,0,3,0,0,12,4,0,6,0,3,0,0,0,1,12,0,39,0,0,0,0,2,20,0,14,0,0,15,1,0,14,0,7,-2,0
0,1,0,4,37,5,15,0,0,39,15,1,6,31,1,0,4,8,11,1,21,18,27,3,8,2,0,5,9,0,16,6,59,38,0,0,0,2,3,7,4,3,8,14,0,1,16,8,0,0,0
0,0,11,5,55,13,5,0,0,92,13,0,0,21,13,1,0,9,12,0,6,5,131,11,14,55,3,1,7,2,42,10,60,8,0,60,0,3,53,3,0,3,12,83,13,0,16,20,9,15,3
17,0,5,2,49,11,7,2,3,79,26,1,0,33,10,2,12,7,13,1,10,14,46,17,2,9,1,0,7,1,34,2,56,21,3,0,44,5,63,1,12,3,11,59,2,0,21,11,12,14,0
16,1,7,3,104,15,7,1,1,71,21,1,1,40,6,18,0,6,7,2,9,5,122,13,3,4,2,7,3,3,48,4,33,17,2,0,0,5,51,3,22,1,17,64,0,1,17,12,6,18,0
20,0,24,2,42,7,6,0,0,86,40,0,8,41,18,3,17,8,8,1,11,5,30,12,2,6,12,1,8,0,29,9,39,43,-1,84,0,8,50,2,8,3,10,58,4,0,13,11,6,11,0
12,0,16,1,59,2,0,7,0,65,30,1,0,22,8,1,0,14,0,1,10,8,124,8,0,3,0,-2,0,3,22,0,41,-1,0,0,0,3,31,0,20,0,0,38,0,0,11,0,7,27,0
0,0,2,1,40,3,0,0,0,31,-1,1,0,31,13,1,0,3,0,0,8,6,0,7,0,2,0,-1,0,1,10,0,37,0,0,0,0,1,11,0,6,0,0,17,1,0,10,0,0,0,0
0,0,0,3,22,0,17,5,0,52,1,0,0,13,1,0,1,10,5,0,10,16,35,0,6,3,0,-3,8,0,8,8,37,11,0,0,0,6,8,3,4,1,20,25,1,0,7,21,3,0,0
7,2,19,6,31,14,2,3,3,48,22,0,-3,27,15,4,0,18,13,2,9,0,102,9,6,19,1,-1,3,3,31,2,42,12,3,13,0,10,53,4,0,0,16,55,11,2,17,7,5,14,2
12,2,2,7,105,21,5,0,2,51,42,1,6,23,11,5,12,11,12,1,9,14,15,15,4,11,2,12,6,4,33,3,57,28,0,0,46,8,65,2,7,7,3,70,13,1,15,21,14,21,0
4,0,8,6,105,29,7,4,0,47,19,0,0,31,5,4,0,7,6,0,17,10,118,19,3,10,2,2,8,4,32,1,41,22,1,0,0,11,36,2,16,1,9,50,6,0,27,11,3,19,0
23,0,9,7,53,9,5,3,1,71,23,1,5,54,16,1,8,9,9,1,12,20,32,9,7,11,1,-9,7,3,26,1,34,9,1,87,0,20,29,2,8,2,7,65,1,0,30,-6,5,1,0
14,0,12,3,21,16,0,0,2,56,22,1,0,45,5,2,0,77,0,2,17,5,110,3,0,4,0,0,0,2,21,0,11,0,0,0,0,2,23,0,11,0,0,37,2,0,17,0,1,5,0
0,0,7,1,34,8,0,0,2,19,1,1,0,25,9,5,0,8,0,1,4,6,0,10,0,0,0,0,0,1,9,0,40,0,0,0,0,2,66,0,15,0,0,0,0,0,10,0,4,0,0
0,11,0,2,20,1,21,0,2,58,0,0,0,6,6,0,1,3,11,1,3,19,24,0,3,1,0,-14,3,1,13,3,32,30,0,0,0,14,21,1,1,2,15,34,1,0,11,19,1,0,0
5,4,14,9,22,8,4,0,0,94,26,0,4,29,21,7,-1,7,11,2,13,7,87,14,11,111,4,0,7,6,24,2,31,19,0,100,0,2,37,2,2,1,12,41,12,2,13,18,1,14,1
2,1,17,0,37,11,6,1,2,44,35,0,1,34,11,5,10,7,9,2,12,15,29,15,1,46,0,3,5,1,20,4,25,28,2,0,40,9,54,0,11,0,14,58,4,1,6,20,4,6,0
32,0,12,3,51,4,4,0,1,76,22,0,6,49,7,7,0,12,8,9,2,8,83,8,9,7,2,1,5,1,23,4,26,12,1,0,0,5,38,0,2,7,10,45,4,0,20,15,2,2,0
3,0,22,3,46,24,4,2,0,94,44,2,0,22,22,10,3,3,5,2,14,11,38,21,1,14,0,9,2,0,18,5,24,8,0,81,0,5,24,1,3,0,16,43,10,0,6,12,3,11,0
32,0,16,5,46,7,0,5,0,22,23,0,0,41,6,0,0,5,0,1,17,5,89,9,0,1,-1,0,0,3,13,0,17,2,0,0,0,5,36,0,2,0,0,40,1,0,23,0,0,3,0
0,0,8,1,25,3,0,0,2,11,0,2,0,25,0,0,0,9,0,1,17,5,0,7,0,0,0,0,0,0,7,0,19,0,0,0,0,2,10,0,10,0,0,15,0,0,9,0,0,0,0
0,0,0,3,19,3,7,0,3,27,0,0,7,10,1,0,2,4,13,2,15,2,16,0,6,6,0,1,7,0,9,114,30,26,0,0,0,7,0,1,6,3,13,29,2,0,10,7,3,1,0
12,0,14,4,32,12,2,1,0,80,38,0,0,18,12,4,0,9,13,2,7,10,70,11,13,40,3,-1,4,0,24,6,17,17,0,44,0,3,48,2,15,0,7,43,0,0,21,13,7,11,6
14,0,7,3,35,11,6,0,1,66,35,0,1,28,5,5,5,19,14,1,8,6,13,12,4,34,1,0,7,2,25,3,26,27,2,0,373,13,43,1,3,0,6,63,0,0,6,18,6,5,0
2,0,18,2,149,13,3,0,1,86,39,2,2,44,12,4,0,1,8,0,544,9,63,10,2,12,3,1,8,3,36,5,21,21,2,0,0,12,39,0,3,0,22,56,2,0,9,13,4,49,0
6,0,15,1,52,6,8,0,0,41,42,0,0,26,13,5,15,10,6,0,11,4,23,5,6,8,2,116,8,2,12,4,25,25,2,108,0,2,23,0,15,6,13,53,3,0,4,11,0,16,0
0,0,19,0,21,20,0,1,0,0,16,1,0,39,19,2,0,20,0,0,7,14,51,10,0,0,1,1,0,1,16,0,14,1,0,0,0,1,15,0,2,0,0,35,4,0,4,0,0,0,0
0,0,0,2,11,9,0,0,0,0,0,1,0,19,5,0,0,0,0,0,8,4,0,8,0,2,0,0,0,1,6,0,16,0,0,0,0,2,6,0,4,0,0,12,0,0,13,0,0,0,0
0,0,0,1,2,0,0,0,0,0,0,0,0,38,0,0,0,0,0,0,7,0,0,0,6,2,0,0,0,0,5,0,18,0,0,0,0,16,5,0,4,4,0,1,1,0,13,0,0,26,0
10,0,0,1,11,0,6,0,2,95,1,0,0,10,8,2,1,171,16,0,2,11,13,1,2,-14,0,2,4,0,7,1,26,17,0,0,0,3,2,4,0,0,15,16,0,0,8,24,5,19,1
11,0,20,1,24,9,3,5,1,55,27,0,7,8,9,4,0,10,3,2,6,3,34,0,4,34,8,3,3,0,20,4,9,9,0,62,25,3,45,0,3,5,9,52,3,0,12,12,3,19,0
21,0,5,7,56,14,-2,2,1,49,30,1,4,24,20,4,0,8,10,10,4,7,64,10,2,8,6,4,6,1,14,5,18,20,3,0,0,5,34,3,0,1,7,57,3,0,10,21,7,29,0
10,0,20,3,-375,7,1,6,0,13,41,0,0,17,4,2,6,9,10,1,4,10,24,8,1,14,5,8,1,1,12,7,29,21,0,57,0,6,31,2,5,2,4,47,3,1,6,15,6,31,0
0,0,25,1,35,3,0,3,0,0,43,1,0,32,24,1,0,4,0,1,9,4,77,16,0,5,0,0,0,0,8,0,12,0,1,0,0,1,24,0,8,0,0,29,0,0,7,0,0,0,0
0,0,2,0,120,-1,0,0,0,0,0,3,0,38,0,4,0,0,0,0,6,4,0,4,0,0,0,0,0,0,6,0,33,0,0,0,0,1,4,0,2,0,0,17,0,0,7,0,0,0,0
19,0,0,3,12,13,7,0,0,40,0,0,5,20,2,1,15,6,4,0,4,4,13,2,8,2,1,1,7,2,6,6,10,48,0,0,0,5,6,0,0,0,3,17,2,0,9,13,8,11,0
3,0,13,3,23,15,2,0,1,0,38,0,-1,14,9,5,0,5,3,1,4,2,57,2,10,27,1,2,3,0,10,1,11,13,0,41,0,5,32,2,0,1,13,41,3,0,8,-73,1,16,5
29,0,2,2,12,12,2,0,0,136,21,0,11,27,12,6,3,14,9,3,5,5,9,8,4,14,2,1,7,0,14,5,8,23,1,0,9,17,26,3,7,0,2,37,2,0,7,15,24,14,0
3,0,27,2,39,11,3,2,0,45,40,0,1,17,2,11,0,17,7,0,9,7,46,7,1,9,2,0,4,3,13,3,13,16,0,0,0,5,21,0,0,3,2,33,1,0,10,10,2,12,0
14,4,-2,3,45,14,1,0,0,59,33,1,0,22,4,2,1,14,10,1,10,8,8,12,5,13,3,1,1,0,2,2,15,19,3,70,0,5,17,0,15,0,2,45,0,0,13,11,1,6,0
0,0,21,1,-108,12,0,0,0,0,27,0,0,17,31,2,0,7,0,1,6,2,58,7,0,1,0,0,0,0,3,0,16,0,0,0,0,3,16,0,0,0,0,32,4,0,10,0,0,0,0
0,0,7,1,2,1,0,0,0,0,0,0,0,12,0,3,0,2,0,0,3,0,0,9,0,0,0,0,0,0,3,0,10,0,0,0,0,0,14,0,4,0,0,9,0,0,14,1,0,0,0
8,0,0,2,5,0,2,0,1,65,0,0,0,9,1,0,18,5,7,0,2,8,9,5,1,3,2,0,4,3,4,5,9,24,0,0,0,0,3,0,10,0,0,11,0,0,11,-33,4,2,0
7,0,11,6,55,7,0,0,0,63,12,0,0,15,6,1,0,8,5,3,1,2,30,1,7,19,4,0,5,1,11,0,16,5,1,31,0,5,23,1,0,0,5,31,0,0,10,17,3,8,9
7,0,12,-2,19,12,2,0,1,55,51,1,6,26,11,6,3,4,10,5,6,4,5,5,7,3,2,0,4,0,7,3,2,17,1,0,29,11,16,0,-4,0,2,38,1,0,2,8,5,18,0
0,0,18,2,30,4,1,0,1,0,28,0,0,21,1,0,0,2,7,1,3,4,27,4,1,5,2,0,7,2,12,5,14,6,1,0,0,1,15,1,4,1,7,34,0,0,6,2,2,5,0
18,0,13,5,36,10,4,0,1,107,31,3,0,14,2,0,2,1,11,0,5,3,13,4,2,2,0,1,7,1,4,6,8,20,0,44,0,4,15,0,2,0,3,47,2,0,6,11,0,1,0
0,0,16,0,19,10,0,3,0,0,25,1,0,0,29,3,0,0,0,0,4,6,0,5,0,11,0,1,0,0,4,0,7,0,0,0,0,3,0,0,0,0,0,15,2,0,1,4,0,0,0
0,0,5,0,28,0,0,1,0,0,0,2,0,0,0,2,0,2,0,0,0,5,0,9,0,0,0,0,0,0,2,0,2,0,0,0,0,1,9,0,0,0,0,11,2,0,8,0,0,0,0
5,0,0,2,16,5,-1,0,0,30,0,0,13,26,4,1,2,9,5,0,0,5,36,4,7,4,1,0,-3,0,3,10,8,27,0,0,0,2,2,0,9,0,8,8,0,0,9,14,0,17,0
0,0,15,8,17,4,2,8,0,71,11,0,4,8,12,2,0,4,6,0,8,1,13,1,12,12,3,0,7,1,15,4,14,15,3,47,0,0,32,2,3,0,10,28,3,0,7,6,7,3,0
17,1,10,3,55,14,0,2,0,22,21,0,0,8,5,3,10,2,10,2,7,5,3,5,0,8,2,0,1,1,11,2,8,12,0,0,30,4,7,0,0,2,5,35,3,0,1,43,2,10,6
0,0,7,3,65,5,3,0,0,27,16,0,3,22,3,4,0,5,8,0,7,4,31,6,1,2,4,0,10,0,14,2,-4,13,1,0,0,1,13,1,1,0,4,33,1,0,10,9,4,15,0
8,0,28,3,53,11,1,0,0,67,2,1,2,7,3,1,7,5,6,2,1,1,14,11,4,13,1,0,3,2,11,1,8,6,0,68,0,1,10,1,14,1,7,30,14,0,11,10,0,7,0
0,0,11,0,12,4,0,1,0,0,24,2,0,0,0,6,0,0,0,0,4,2,0,6,0,3,0,0,0,0,6,0,6,0,1,0,0,2,6,0,0,0,0,23,4,0,3,-1,0,0,0
0,0,-1,0,31,6,0,0,0,0,0,0,0,0,0,2,0,0,0,0,3,1,0,4,0,0,0,0,0,0,3,0,15,0,0,0,0,0,11,0,0,0,0,9,8,0,4,0,0,0,0
2,0,0,4,11,3,1,0,0,0,0,0,0,28,14,0,1,7,5,0,2,2,6,5,6,1,0,0,3,0,1,1,8,7,0,0,0,2,3,0,-5,0,7,6,2,0,6,8,2,10,0
0,0,17,8,13,12,0,0,0,64,0,0,4,2,8,1,-1,5,4,0,1,1,31,0,11,39,3,1,8,0,6,2,4,4,0,28,0,3,12,0,3,3,7,30,3,0,10,7,1,17,7
14,3,6,4,52,7,2,0,0,41,27,1,3,7,6,4,6,3,6,0,1,1,2,7,0,5,0,0,3,1,8,2,2,7,0,0,4,4,8,2,2,2,3,24,3,0,3,21,12,2,0
0,0,3,0,47,5,1,0,0,36,5,1,2,13,5,2,1,2,10,1,3,3,14,5,3,5,1,0,11,0,11,3,12,-3,0,0,0,5,-41,0,7,3,6,36,4,1,4,8,6,6,0
6,0,22,4,-60,4,0,1,0,72,14,0,4,9,8,2,3,11,9,1,2,1,-3,6,4,15,0,0,5,0,5,1,2,0,0,35,0,3,8,0,4,0,11,43,3,1,4,2,2,1,0
0,0,14,0,-1,11,0,0,0,0,0,0,0,0,0,4,0,0,0,0,3,0,0,5,0,9,0,0,0,0,5,0,0,0,0,0,0,0,10,0,0,0,0,24,0,0,0,0,0,0,0
0,0,4,0,0,4,0,0,0,0,0,0,0,0,0,0,0,0,0,0,0,0,0,0,0,1,0,0,0,0,0,0,9,0,0,0,0,0,2,0,0,0,0,13,0,0,4,0,0,0,0
0,0,0,7,0,0,0,0,0,0,0,0,0,0,0,0,0,0,0,0,2,0,0,0,0,0,0,0,0,0,4,0,4,0,0,0,0,0,0,0,11,0,0,0,0,0,4,0,0,9,0
0,0,21,6,62,0,0,0,0,0,13,0,1,31,21,2,-2,12,6,0,3,7,22,5,6,1,2,1,5,1,0,2,5,21,0,0,0,1,1,0,0,0,6,22,7,0,3,17,2,0,4
29,0,4,7,38,5,-1,0,0,0,10,0,3,6,8,1,6,4,2,1,1,3,0,0,11,29,3,0,3,1,13,1,7,5,0,22,18,6,10,0,2,1,6,25,2,0,2,16,0,10,0
0,0,-1,11,57,3,1,0,2,112,3,1,1,15,17,0,0,3,6,0,3,3,0,2,1,7,1,2,2,0,3,6,4,15,2,0,0,1,11,0,1,0,9,34,2,0,5,13,3,4,0
11,2,6,4,65,5,0,0,0,60,17,0,2,7,5,0,12,2,10,1,3,0,28,5,2,9,1,1,13,1,3,1,4,8,2,14,0,3,8,0,2,0,4,36,4,0,7,10,4,24,0
4,0,20,0,4,10,0,0,0,0,0,2,0,0,0,0,0,0,0,0,1,0,0,0,0,7,0,0,0,0,5,0,7,0,0,0,0,0,8,0,0,0,0,17,0,0,2,0,0,0,0
0,0,4,0,3,9,0,0,0,0,0,0,0,0,0,0,0,0,0,0,0,0,0,0,0,0,0,0,0,0,4,0,2,0,0,0,0,0,4,0,0,0,0,4,0,0,0,0,0,0,0
0,2,2,7,77,2,0,0,1,0,13,0,0,26,9,0,11,9,8,0,-1,1,0,2,2,1,1,0,10,0,4,4,2,16,0,0,0,4,1,1,10,0,11,24,6,0,0,1,2,3,0
0,0,20,15,18,10,0,0,0,54,26,0,0,15,10,0,0,3,9,0,4,0,32,3,10,51,2,3,1,6,8,1,6,3,0,31,0,3,9,0,0,0,7,28,3,0,9,19,-1,4,9
26,0,21,7,30,8,0,1,1,71,2,0,0,10,5,9,1,5,10,5,4,1,0,3,5,15,7,8,6,0,3,3,11,7,4,0,11,1,13,1,4,1,9,31,5,0,8,6,7,7,0
11,0,7,4,39,2,3,0,0,45,19,1,5,8,1,0,0,5,13,10,4,4,0,2,4,12,3,0,15,0,9,10,5,7,0,0,0,7,10,4,5,0,3,37,3,0,4,10,1,2,0
3,0,17,11,42,6,0,1,1,61,11,1,2,9,1,0,12,5,7,1,5,3,18,3,5,8,5,1,6,0,2,7,1,4,0,26,0,11,7,0,-3,0,0,27,3,0,6,7,2,11,0
1,0,14,0,2,0,0,0,0,7,0,0,0,-3,0,0,0,0,0,4,2,0,0,0,0,8,0,-1,0,0,5,0,5,0,1,0,0,0,4,0,0,0,6,28,0,0,0,0,0,0,0
0,0,3,0,1,7,0,0,0,0,0,0,0,0,0,0,0,0,0,0,1,0,0,0,0,0,0,0,0,0,3,0,10,0,0,0,0,0,2,0,0,0,0,9,0,0,0,0,0,0,0
0,0,0,15,41,2,0,0,0,0,6,0,4,21,12,0,2,16,13,0,1,4,1,3,3,5,1,6,3,1,6,4,4,18,0,0,0,9,3,1,-5,0,4,10,3,1,6,3,0,3,0
17,0,0,0,5,0,0,0,0,27,7,0,1,6,6,0,0,3,20,0,6,9,14,1,9,37,1,1,0,2,12,4,5,6,0,12,0,6,10,1,3,0,7,26,4,0,4,10,0,11,6
2,1,10,13,14,10,0,0,0,58,22,1,2,7,6,12,1,2,13,5,4,2,0,5,8,11,1,4,28,0,5,5,7,9,1,0,37,1,8,0,10,1,4,43,4,0,4,6,1,6,0
6,0,10,15,28,6,4,0,0,86,12,3,1,6,-1,0,1,2,15,4,6,6,0,4,9,15,1,0,8,1,2,2,7,12,0,0,0,1,6,1,6,0,14,35,1,0,2,2,14,5,0
4,2,7,6,45,6,0,1,0,104,8,0,3,7,2,0,39,4,11,0,3,5,21,2,8,14,0,0,20,0,4,3,2,8,0,18,0,2,1,0,2,0,7,48,0,0,7,10,2,6,0
11,0,26,7,1,1,0,0,0,0,0,0,0,0,0,0,0,0,0,6,5,0,0,0,0,10,0,0,0,0,5,0,3,0,0,0,0,0,3,0,0,0,0,23,0,0,0,0,0,0,0
0,0,1,6,5,3,0,0,0,0,0,2,0,0,0,0,0,0,0,0,1,0,0,0,0,0,0,0,0,0,2,0,9,0,0,0,0,0,4,0,0,0,0,15,0,0,0,0,0,0,0
0,0,0,23,40,13,2,0,0,0,14,0,5,14,0,0,7,7,14,0,1,7,1,3,6,5,0,0,20,0,4,3,7,4,0,0,0,0,0,0,4,0,16,15,9,0,6,10,0,13,0
9,0,12,10,31,0,0,0,0,78,15,0,0,5,15,0,0,4,20,1,2,12,18,3,15,57,4,1,17,1,7,2,1,10,0,23,0,5,4,0,1,0,20,39,7,0,9,7,0,8,10
18,2,2,12,29,1,0,0,0,92,10,3,3,7,13,13,0,2,14,1,3,6,0,4,6,15,5,0,20,0,3,5,12,16,0,0,31,6,7,0,11,2,12,65,6,0,7,2,3,21,0
6,0,15,11,47,10,5,2,0,56,11,2,4,15,6,0,2,2,20,0,5,8,2,3,4,17,0,2,26,1,1,1,2,18,0,0,0,6,4,0,10,0,8,34,3,0,3,17,5,5,0
0,3,24,13,43,6,0,130,3,183,11,3,2,8,6,0,10,7,31,0,0,3,21,5,10,11,0,1,12,0,5,2,7,17,1,2,0,2,8,1,0,0,2,58,1,1,7,5,2,3,0
20,0,22,18,2,1,0,3,0,0,0,0,0,0,0,0,0,1,0,1,7,0,0,0,0,16,0,0,0,0,7,0,9,0,0,0,0,0,0,0,0,0,0,35,0,0,0,0,0,0,0
0,0,5,16,0,0,0,0,0,0,0,0,0,0,0,0,0,0,0,0,3,0,0,0,0,3,0,0,0,0,5,0,8,0,0,0,0,0,5,0,0,0,0,18,0,0,0,0,0,0,0
0,0,1,42,121,15,0,0,0,0,20,0,5,14,7,0,7,15,27,0,1,2,1,6,13,7,4,0,6,0,-1,4,7,30,0,0,0,4,2,0,11,0,26,30,15,0,2,4,3,5,0
6,2,30,16,-5,1,-1,0,0,100,24,1,6,10,13,0,-2,13,59,0,6,2,28,4,34,83,8,2,11,1,8,1,13,14,1,38,0,9,11,0,2,0,16,64,5,0,2,8,5,4,10
19,2,7,15,93,5,0,0,0,140,11,0,1,20,14,10,19,15,44,0,5,5,0,5,7,29,2,-2,24,1,11,1,7,21,1,0,46,5,15,3,13,7,9,65,8,0,5,8,2,3,0
13,5,11,17,54,7,4,0,0,84,30,0,4,14,6,0,4,5,33,0,2,2,1,5,16,27,2,1,26,0,4,3,14,24,0,0,0,8,7,0,9,0,14,77,7,0,5,15,5,3,0
26,0,42,22,39,7,0,0,0,292,32,2,3,18,9,0,13,6,48,0,4,2,7,6,8,22,2,2,26,0,7,6,3,12,1,26,0,3,8,0,11,0,28,74,8,0,12,9,4,-5,0
24,0,34,21,13,7,0,2,0,0,0,2,0,0,0,0,0,0,0,1,3,0,0,0,0,9,0,0,0,0,9,0,13,0,0,0,0,0,4,0,0,0,0,58,0,0,0,0,0,0,0
0,0,12,11,45,1,0,0,0,0,0,0,0,0,0,0,0,0,0,0,8,0,0,0,0,1,0,0,0,0,5,0,15,0,0,0,0,0,0,0,0,0,0,28,0,0,0,0,0,0,0
1,1,0,21,10,15,0,0,0,239,28,1,8,31,10,0,20,17,50,0,4,3,10,4,28,5,1,4,35,0,0,0,6,23,0,0,0,14,1,0,31,0,16,37,9,2,13,7,7,6,0
23,1,12,24,51,12,1,1,0,233,31,0,2,11,27,0,1,5,93,0,8,14,1,7,36,129,3,0,40,2,9,5,8,9,0,24,0,8,11,1,11,0,40,100,8,1,7,17,0,5,7
41,0,6,20,-357,3,0,0,0,4,29,2,10,14,19,17,33,13,55,0,1,9,22,10,25,17,0,1,16,2,6,7,40,22,1,0,63,7,11,0,15,1,7,108,7,0,3,17,2,3,0
35,3,6,30,52,9,10,1,1,357,36,1,0,27,6,0,4,5,54,2,3,10,2,8,20,19,3,3,24,1,7,4,29,16,2,0,0,8,16,0,12,0,18,139,3,1,2,12,1,3,0
41,0,23,36,63,7,0,0,0,238,47,1,9,17,12,0,24,13,57,1,5,11,32,6,31,14,1,3,40,1,9,5,10,20,0,34,0,6,16,0,20,1,28,145,4,0,16,25,1,5,0
0,0,27,13,34,0,0,1,0,0,0,1,0,0,0,0,0,1,0,0,9,0,0,0,0,18,0,0,0,0,11,0,15,0,0,0,0,0,9,0,0,0,0,96,0,0,0,0,0,0,0
33,0,2,22,31,4,0,0,0,0,0,4,0,0,0,0,0,0,0,0,4,0,0,0,0,1,0,0,0,0,3,0,22,0,0,0,0,0,0,0,0,0,0,47,0,0,0,0,0,0,0
1,0,0,31,23,8,0,0,0,357,33,0,8,31,16,0,8,18,65,0,5,6,19,5,52,3,6,0,30,0,1,5,10,48,0,0,0,13,0,3,69,1,44,49,12,0,19,8,2,2,0
33,5,3,41,43,7,-3,2,1,7,44,0,6,21,29,0,2,7,122,3,3,6,3,3,67,110,7,2,33,1,19,4,33,22,3,34,0,15,27,0,7,2,32,106,0,0,7,22,12,12,16
40,4,37,26,89,8,3,9,0,8,41,2,20,38,25,16,0,12,87,2,8,11,45,5,36,12,6,-1,25,0,6,4,13,57,0,0,82,11,25,1,25,1,27,176,12,3,7,29,7,17,0
42,0,4,16,92,4,23,2,4,799,47,4,1,15,16,0,2,9,58,12,9,4,0,8,21,13,3,3,11,1,10,4,16,52,1,0,0,19,22,4,42,1,52,212,14,1,6,32,4,3,0
28,2,53,33,112,12,7,0,0,315,47,4,2,26,14,0,91,40,67,1,6,6,40,10,54,23,4,1,21,0,8,9,16,51,1,41,0,17,19,1,31,0,46,198,9,2,9,23,7,12,0
58,0,36,31,62,2,0,3,0,0,0,1,0,0,0,0,0,0,0,2,16,0,0,0,0,22,0,0,0,0,11,0,37,0,1,0,0,0,16,0,0,0,0,161,0,0,0,0,0,0,0
0,0,3,29,45,3,0,0,0,0,0,1,0,0,0,0,0,0,0,0,5,0,0,0,0,3,0,0,0,0,2,0,19,0,0,0,0,0,1,0,0,0,0,60,0,0,0,0,0,0,0
0,0,0,30,33,12,-2,0,0,464,65,0,18,52,35,0,2,34,59,0,5,4,12,7,56,5,4,2,26,5,3,9,26,61,0,0,0,23,0,4,101,0,61,59,12,0,28,26,8,5,0
0,13,38,45,68,3,0,3,0,6,45,1,7,16,57,0,3,27,139,0,8,16,1,8,111,157,8,4,46,3,20,2,16,35,2,40,0,29,22,2,10,0,30,210,9,0,18,48,1,33,26
0,11,0,25,140,7,0,12,0,9,88,8,8,44,20,42,36,65,110,2,11,4,39,7,22,24,5,4,24,3,21,5,29,56,3,0,136,18,33,1,33,2,0,248,12,1,22,31,19,10,0
103,0,23,32,115,9,20,3,3,901,91,0,3,66,12,0,1,23,72,0,-4,13,0,11,34,15,8,2,22,2,11,9,31,64,1,0,0,9,27,2,56,1,69,261,10,2,15,31,13,13,0
50,0,63,30,122,15,3,3,1,347,59,9,8,19,21,0,13,18,61,2,8,7,73,6,65,29,2,3,35,5,19,8,23,46,4,70,0,18,22,2,39,2,40,291,8,2,39,30,5,9,0
66,0,55,18,71,8,0,2,0,0,0,5,0,0,0,0,0,4,0,2,12,0,0,0,0,13,0,0,0,0,18,0,24,0,0,0,0,0,28,0,0,0,0,222,0,0,0,0,0,0,0
3,0,8,25,70,0,0,0,0,0,0,2,0,0,0,0,0,0,0,0,12,0,0,0,0,5,0,0,0,0,5,0,23,0,0,0,0,0,5,0,0,0,0,109,0,0,0,0,10,0,0
0,0,0,33,47,19,0,0,0,574,85,0,5,52,46,0,8,53,0,0,9,10,25,6,82,10,4,3,46,1,15,7,31,94,0,0,0,40,1,5,110,5,81,125,5,0,41,24,10,7,0
61,6,-1,22,70,12,0,3,1,8,96,0,31,28,72,0,6,30,0,2,10,17,1,6,48,133,13,3,31,1,18,6,24,57,0,67,0,41,21,1,36,2,56,230,6,1,32,47,10,17,23
8,4,67,35,124,5,0,7,1,10,125,13,8,35,29,39,21,16,223,2,10,11,68,6,81,35,3,4,29,3,20,11,28,61,1,0,189,22,0,2,86,0,32,328,6,1,19,33,22,34,0
39,0,26,34,166,22,36,1,0,1338,131,4,8,37,25,0,3,42,74,3,16,15,0,22,17,17,4,5,26,1,17,15,50,96,1,0,0,24,90,0,59,2,36,336,12,2,18,33,11,13,0
64,0,80,19,144,24,0,0,1,415,110,7,0,42,25,0,44,23,51,3,11,14,54,5,33,20,4,0,18,5,10,8,24,84,2,81,0,24,27,1,38,1,76,288,6,1,20,45,0,12,0
20,0,38,16,91,0,0,3,0,0,0,1,0,0,0,0,0,3,0,0,10,0,0,0,0,5,0,0,0,0,13,0,16,0,0,0,0,0,28,0,0,0,0,265,0,1,0,0,7,0,0
1,0,1,19,93,5,0,0,0,0,0,10,0,0,0,0,2,0,0,0,12,0,0,0,0,8,0,0,0,0,6,0,42,0,0,0,0,0,15,0,0,0,0,150,0,1,0,0,0,0,0
1,0,1,13,15,22,0,0,0,0,0,2,0,0,0,0,0,0,0,0,14,0,0,0,124,2,0,0,0,0,4,0,30,0,0,0,0,0,3,0,164,0,0,47,0,0,30,0,24,15,0
4,2,54,38,73,6,1,0,1,649,217,0,32,83,53,0,3,53,72,0,7,12,34,12,21,11,8,3,21,4,26,10,32,122,0,73,0,54,10,5,27,2,90,169,27,0,18,48,3,3,21
68,6,26,34,153,17,20,3,0,4,49,0,15,72,86,30,55,38,136,6,21,16,54,9,102,134,9,0,33,1,29,15,19,77,3,0,207,47,38,4,24,3,81,302,8,0,30,59,18,18,0
64,0,62,27,176,13,1,6,1,1296,181,7,21,24,50,0,2,39,77,5,9,18,0,9,83,29,2,3,44,5,17,8,68,94,4,0,0,20,52,5,54,2,74,402,10,1,33,64,20,32,0
53,2,6,30,164,14,8,0,1,499,148,8,18,52,24,0,64,32,64,8,15,18,62,18,35,24,4,3,21,5,15,20,18,73,0,134,0,17,37,6,99,5,11,413,21,1,26,57,18,24,0
68,0,36,33,87,0,0,0,0,0,0,12,0,0,0,0,0,4,0,2,20,0,0,0,0,14,0,0,0,0,15,0,37,0,2,0,0,0,31,0,0,0,0,316,0,3,0,0,0,0,0
3,0,4,35,50,4,0,0,0,0,0,7,8,0,0,0,0,0,0,0,17,0,0,0,0,3,0,0,0,0,4,0,19,0,0,0,0,0,0,0,0,0,0,136,0,0,0,5,0,0,0
2,1,0,31,113,28,0,0,0,0,153,0,13,124,65,0,8,56,65,0,13,19,33,11,71,1,8,0,26,2,21,14,41,171,0,0,0,32,2,9,157,4,116,118,16,1,53,60,31,19,0
40,7,117,36,110,19,22,2,2,482,121,0,21,39,92,0,3,35,120,8,16,24,1,12,85,116,5,5,35,5,22,12,46,59,3,111,1,44,83,6,43,4,126,315,13,3,29,53,23,14,39
66,2,29,28,225,18,1,9,0,3,225,11,53,53,71,64,24,57,77,7,12,15,64,41,39,20,11,8,26,4,21,18,33,100,4,0,231,43,45,1,134,1,87,417,11,1,52,48,35,20,0
72,0,27,33,178,7,0,2,0,1554,190,8,40,52,35,0,8,54,48,3,21,16,0,14,65,20,7,3,32,0,26,13,45,119,4,0,0,10,72,1,49,3,66,366,15,2,37,56,17,16,0
192,1,19,17,123,24,16,0,0,429,110,15,13,62,37,0,57,53,52,2,12,21,77,13,49,20,12,2,24,5,17,13,29,95,1,206,0,21,44,2,82,4,52,358,8,2,35,57,57,21,0
161,0,108,23,86,0,0,7,0,0,0,8,23,0,0,0,0,6,0,1,13,0,0,0,0,15,0,0,0,0,17,0,17,0,1,0,0,0,33,0,0,0,0,295,0,2,0,0,0,0,0
1,0,26,10,72,16,0,0,0,0,0,12,0,0,0,0,0,0,0,2,0,0,0,0,0,1,0,0,0,0,8,0,38,0,0,0,0,0,17,0,0,0,0,97,0,0,0,0,0,0,0
0,5,0,37,52,20,-1,0,0,644,180,0,13,100,74,0,53,71,55,0,0,10,38,10,56,2,10,3,35,1,12,14,23,157,0,0,0,25,2,3,107,5,109,109,17,0,70,63,54,10,0
250,6,71,17,86,22,15,7,4,5,167,0,13,24,82,0,3,42,85,18,46,25,0,18,61,187,14,5,38,4,38,11,57,36,8,125,-1,30,68,1,107,3,0,346,25,3,52,53,17,18,37
205,1,74,29,158,14,7,2,0,3,184,12,25,52,76,82,6,48,99,5,23,24,90,14,22,16,13,9,30,4,24,19,43,135,2,0,276,25,66,2,85,1,226,384,12,0,45,51,26,23,0
133,7,69,20,130,15,-1,13,1,1213,200,12,33,47,28,-1,2,47,45,2,16,23,2,24,42,28,16,5,35,3,24,16,39,72,0,0,0,12,32,2,44,6,63,446,19,0,54,64,25,21,0
123,44,10,13,178,14,18,0,0,475,134,9,33,42,34,0,58,29,39,0,14,14,84,27,30,11,18,1,32,3,19,14,61,90,3,224,0,21,34,3,123,10,84,408,9,3,48,50,31,19,0
101,0,69,14,30,1,0,0,0,0,0,0,0,0,0,0,0,13,0,4,7,0,0,0,0,17,0,0,0,0,16,0,16,0,7,0,0,0,64,0,0,0,0,258,0,2,0,0,0,0,0
0,0,6,15,16,13,0,0,0,0,0,10,0,0,0,0,0,1,0,0,15,0,0,0,0,3,0,0,0,0,5,0,51,0,0,0,0,0,13,0,0,0,0,145,0,4,0,0,0,0,0
3,20,0,40,161,21,92,0,2,483,134,0,37,89,97,0,45,79,55,1,11,14,31,22,55,2,25,4,30,4,18,15,16,127,0,0,0,27,10,9,133,4,127,119,23,0,81,41,45,19,0
130,10,108,21,68,20,33,8,0,4,136,0,41,39,87,0,6,67,54,8,18,22,2,21,58,124,16,160,28,1,34,12,37,52,3,125,0,41,75,2,46,4,100,268,13,3,55,63,10,36,41
45,4,39,19,148,14,3,3,0,4,174,13,26,51,64,81,23,74,50,0,13,23,107,31,50,23,12,14,34,2,20,12,64,156,3,0,234,21,97,2,113,0,43,385,15,4,49,63,64,19,0
99,10,25,21,145,14,0,1,0,938,148,12,50,46,33,0,0,50,49,0,16,27,1,13,12,13,8,5,43,2,27,13,47,80,1,0,0,20,77,2,100,9,49,341,12,0,54,76,28,20,0
94,1,55,27,109,41,21,0,2,290,147,7,28,49,28,0,18,38,39,2,18,20,84,17,46,24,8,8,16,0,16,11,43,84,0,328,0,24,37,0,98,3,56,326,11,1,56,44,52,13,0
76,0,95,6,18,4,0,18,0,0,0,12,30,0,0,0,0,6,0,2,14,0,0,0,0,8,0,0,0,0,22,0,17,0,10,0,0,0,51,0,0,0,0,248,0,3,0,0,0,0,0
1,0,3,16,15,6,0,0,0,1,0,7,-1,0,0,0,0,3,0,0,4,0,0,0,0,4,0,0,0,0,7,0,23,0,0,0,0,0,31,0,0,0,0,128,0,0,0,0,0,0,0
1,1,0,12,154,23,0,0,2,319,188,3,21,71,87,0,1,86,39,0,13,12,65,21,42,5,5,0,22,4,16,11,41,111,-1,0,0,8,12,5,132,15,118,133,8,2,102,37,47,33,0
71,3,74,23,78,17,16,3,1,3,173,0,8,26,71,0,0,20,41,10,21,21,0,22,61,121,26,0,33,5,37,7,33,93,2,217,0,44,80,2,27,1,77,271,11,0,47,48,5,26,45
70,3,39,6,167,21,1,2,1,3,186,7,52,67,77,91,36,56,34,29,21,27,104,40,19,28,13,1,25,3,17,10,41,133,6,0,264,33,111,3,55,6,40,377,12,4,44,61,65,10,0
63,5,32,21,166,31,0,0,1,782,178,8,24,46,32,0,6,64,37,1,17,22,0,32,10,10,9,1,36,4,9,14,19,78,6,0,0,59,92,4,72,3,61,252,9,1,32,47,27,19,0
81,2,37,8,147,39,0,20,1,260,119,7,48,41,29,0,6,31,34,4,13,17,93,20,33,4,9,3,3,0,19,15,53,81,1,329,0,23,93,2,73,1,50,392,11,4,44,51,69,17,0
101,0,31,21,24,0,0,0,0,0,0,4,5,0,0,0,0,0,0,5,20,0,0,0,0,4,0,10,0,0,20,0,26,0,7,0,0,0,0,0,0,0,0,230,0,3,0,0,0,0,0
1,0,32,289,4,2,0,0,0,0,0,4,0,0,0,0,0,0,0,0,10,0,0,0,0,1,0,0,0,0,7,0,24,0,0,0,0,0,0,0,0,0,0,105,0,0,0,0,0,0,0
1,4,0,12,135,34,0,0,0,0,0,4,0,0,80,0,27,90,31,0,7,0,35,25,22,7,0,0,30,2,6,0,51,102,0,0,0,20,0,0,105,0,24,63,0,0,100,52,41,48,0
10,16,71,15,48,18,0,8,0,633,183,0,45,76,47,0,0,32,34,1,27,37,0,21,41,4,15,1,30,10,21,16,43,27,10,202,0,82,151,2,22,6,102,230,31,4,44,0,19,47,39
111,0,-6,19,116,33,38,0,1,3,85,6,22,48,31,94,10,34,30,7,17,19,125,24,26,99,15,14,22,2,29,14,55,99,6,0,189,33,170,1,37,0,47,300,17,1,66,94,3,23,0
121,2,9,10,148,10,2,0,0,408,131,6,30,63,85,0,0,29,28,5,20,14,0,25,7,33,12,15,45,5,20,20,45,79,4,0,0,24,108,3,21,5,35,224,8,2,60,49,50,17,0
41,3,38,16,159,37,11,16,0,148,197,5,34,45,20,0,16,29,25,5,18,12,105,28,10,7,12,12,10,4,19,11,18,44,7,306,0,20,82,0,118,7,60,260,17,1,46,32,60,0,0
37,0,15,3,12,5,0,11,0,0,0,4,5,0,0,0,0,1,0,2,21,0,0,0,0,6,0,1,0,0,28,0,19,0,11,0,0,0,0,0,0,0,0,202,0,2,0,0,0,0,0
0,0,0,5,6,2,0,0,0,0,0,6,0,0,0,0,0,0,0,0,5,0,0,0,0,2,0,0,0,0,5,0,30,0,0,0,0,0,0,0,0,0,0,100,0,0,0,0,0,21,0
0,0,0,2,197,45,0,0,1,283,161,4,40,71,64,0,4,101,29,0,14,10,48,29,22,1,50,0,29,4,12,12,43,81,0,0,0,24,105,1,87,13,58,69,23,1,95,7,26,2,0
84,66,170,19,65,33,3,5,1,1,132,0,18,24,61,0,-5,50,38,7,13,26,0,21,18,68,23,122,15,8,31,10,31,40,10,289,7,41,64,6,2,1,86,207,5,1,52,79,11,17,56
48,8,48,9,146,21,0,4,0,0,151,0,35,52,53,100,15,62,36,7,22,11,155,32,11,23,19,-96,18,5,15,14,37,64,8,0,1131,9,134,2,47,2,79,255,11,2,47,50,74,26,0
9,1,49,7,177,21,0,4,1,465,101,4,26,38,26,0,1,47,22,4,14,21,0,26,9,7,17,4,29,2,22,7,39,56,5,0,0,40,94,2,44,9,52,224,12,2,39,44,19,19,13
58,6,50,18,135,28,18,0,0,195,157,3,26,32,21,0,24,26,16,2,14,15,135,22,13,10,5,10,10,4,23,14,38,70,12,339,0,9,88,1,60,4,54,227,10,0,44,26,25,33,0
28,0,30,12,15,16,0,19,0,0,0,2,10,0,0,0,0,3,0,7,11,0,0,0,0,4,0,0,0,0,20,0,30,0,4,0,0,0,61,0,0,0,0,176,0,0,0,0,0,0,0
1,0,11,14,9,2,0,0,0,0,0,3,0,0,0,0,0,0,0,0,10,0,0,0,0,0,0,0,0,0,3,0,24,0,0,0,0,0,8,0,0,0,0,62,0,0,0,0,0,0,0
0,5,-1,11,111,53,0,0,0,130,118,0,15,63,54,0,30,75,18,0,5,20,56,22,34,1,13,0,24,0,12,15,50,102,0,0,0,11,4,2,87,2,0,72,21,0,77,30,29,40,0
17,11,101,14,161,20,13,4,1,0,94,0,45,40,43,0,0,26,16,25,16,25,0,22,33,52,45,3,30,0,33,10,34,21,17,209,0,23,79,2,6,8,84,150,10,5,48,41,24,45,25
8,2,81,19,135,23,0,1,0,0,105,1,28,33,65,117,102,23,10,7,13,14,160,31,2,22,18,1,23,1,33,15,39,47,12,0,170,16,142,1,39,3,51,237,22,2,34,45,30,26,0
52,5,-11,19,91,33,-1,4,1,562,86,2,8,41,34,0,1,40,19,6,14,15,0,41,5,9,6,12,31,0,20,12,23,48,5,0,0,24,95,1,66,3,27,162,9,2,43,29,63,20,0
48,4,63,9,114,21,13,16,2,175,122,5,25,29,17,0,67,22,22,3,11,11,136,16,11,12,17,0,0,21,12,10,40,67,5,363,0,14,85,0,46,1,29,190,18,4,37,40,17,26,0
41,0,53,17,4,0,0,2,0,0,0,10,4,0,0,0,0,1,0,4,17,0,0,0,0,6,0,21,0,0,11,0,27,0,6,0,0,0,36,0,0,0,0,61,0,0,0,0,0,0,0
0,0,1,6,-4,6,0,0,0,0,0,10,0,0,0,0,0,1,0,0,13,0,0,0,0,3,0,0,0,0,0,0,26,0,0,0,0,0,41,0,0,0,0,52,0,0,0,0,0,0,0
0,3,1,8,149,53,2,0,1,0,104,0,33,75,54,0,9,39,8,1,13,7,68,25,23,2,20,0,25,3,8,12,49,54,0,0,0,5,0,1,37,6,0,70,29,4,77,31,24,14,0
56,6,-6,28,76,51,10,4,2,0,63,0,6,24,46,0,2,20,10,11,5,28,0,24,31,125,16,9,12,4,24,12,23,26,12,236,0,28,76,2,13,8,57,121,11,1,36,36,25,37,69
47,3,124,22,106,13,0,1,0,0,62,3,23,53,58,104,28,19,20,14,12,15,149,43,5,8,14,3,9,9,7,12,47,60,5,0,169,64,181,0,37,4,42,154,14,5,32,31,15,28,0
58,3,17,18,89,50,0,5,0,0,78,13,29,31,18,0,0,30,12,4,14,23,0,32,0,4,9,1,15,11,0,16,30,20,5,0,0,74,72,0,29,7,30,125,14,6,37,38,21,28,0
52,1,58,20,90,51,14,0,0,664,85,12,15,29,39,0,47,55,18,7,17,18,96,35,14,10,12,13,21,5,51,12,47,36,4,304,0,19,72,0,9,7,27,138,10,3,36,22,7,19,0
48,0,60,11,21,4,0,18,0,0,0,6,2,0,0,0,0,0,0,3,9,0,0,0,0,6,0,0,0,0,18,0,34,0,3,0,0,0,43,0,0,0,0,110,0,1,0,0,0,0,0
0,0,1,14,27,0,0,0,0,0,0,12,0,0,0,0,0,0,0,0,9,0,0,0,0,0,0,0,0,0,5,0,20,0,0,0,0,0,0,0,0,0,0,43,0,0,0,0,0,0,0
0,51,0,11,113,93,0,0,0,84,0,0,32,45,18,0,37,78,7,0,14,6,52,34,5,0,7,0,46,2,7,11,35,65,0,0,0,58,17,1,55,0,0,59,14,0,65,33,30,34,0
45,28,77,14,111,22,16,5,0,0,150,0,3,24,60,0,4,42,27,8,11,24,0,20,25,84,14,39,19,14,27,11,43,27,5,215,0,35,77,2,2,3,91,102,13,3,35,31,20,26,55
38,9,39,3,153,27,3,1,0,0,98,6,22,28,19,97,74,70,13,2,15,21,190,43,4,40,14,2,19,4,15,13,37,35,6,0,0,75,196,3,25,7,29,23,12,1,36,2,24,39,0
17,0,24,22,57,34,0,0,0,0,0,3,0,0,18,0,0,11,0,3,6,0,0,43,0,0,0,0,0,0,12,0,40,0,2,0,0,0,73,0,0,0,0,282,0,3,33,0,18,16,0
0,0,51,13,69,36,0,0,1,279,104,5,5,57,75,0,5,104,23,0,10,21,91,28,5,7,29,2,11,5,6,21,39,40,0,361,0,20,18,3,60,4,37,270,22,2,27,69,0,22,0
47,0,51,2,78,3,0,16,0,1,0,0,27,0,0,0,0,10,0,10,20,0,0,0,0,7,0,4,0,0,17,0,15,0,11,0,0,0,80,0,0,0,0,68,0,0,0,0,0,0,0
0,0,2,5,7,10,0,0,0,0,0,1,10,0,0,0,0,1,0,0,11,0,0,0,0,1,0,0,0,0,3,0,21,0,0,0,0,0,42,0,0,0,0,28,0,0,0,0,0,0,0
0,2,0,12,125,63,17,0,0,147,9,0,7,46,17,0,-2,42,14,0,7,30,100,0,16,1,10,0,36,8,5,22,33,25,0,0,0,53,10,6,50,8,15,50,26,1,71,55,26,28,0
18,7,83,13,76,60,0,2,1,1,27,0,35,22,42,0,3,33,9,13,7,25,0,51,12,58,26,22,28,9,23,12,43,26,8,170,0,52,72,5,9,5,57,75,13,1,30,35,40,35,49
26,2,16,3,127,28,8,0,0,0,117,8,14,29,44,102,19,34,16,0,11,21,275,46,2,5,7,15,11,9,20,12,33,52,8,0,0,18,150,1,22,3,49,122,12,3,21,39,22,35,0
18,0,56,4,167,44,0,11,1,0,63,7,25,32,29,0,2,44,11,11,10,9,0,32,5,2084,17,7,16,8,10,23,35,49,8,0,0,13,96,1,14,6,6,140,13,3,26,30,19,23,0
20,16,78,9,120,41,16,0,0,235,59,6,18,42,27,0,2,185,14,14,6,24,155,30,7,96,13,6,19,6,13,25,44,34,12,250,0,28,96,3,18,2,33,94,17,0,23,19,9,16,0
10,0,53,4,26,0,0,5,0,0,0,4,2,0,0,0,0,3,0,3,9,0,0,0,0,6,0,10,0,0,7,0,18,0,2,0,0,0,86,0,0,0,0,73,0,3,0,0,0,0,0
0,0,1,3,11,17,0,0,0,0,0,0,0,0,0,0,0,2,0,1,10,0,0,0,0,2,0,0,0,0,4,0,33,0,0,0,0,0,13,0,0,0,0,25,0,0,0,0,0,0,0
0,0,2,5,104,71,3,0,0,66,66,0,16,58,69,0,1,93,5,0,8,16,86,37,11,21,14,0,12,10,11,14,27,33,0,0,0,103,7,7,32,4,31,47,14,1,56,25,31,15,0
13,2,120,7,115,54,0,3,0,0,58,0,21,19,53,0,1,68,14,28,16,25,0,37,13,86,38,4,23,6,30,12,34,12,10,127,0,49,72,0,7,9,55,96,15,1,25,43,13,42,0
16,6,36,16,151,51,12,2,0,0,57,6,8,24,17,86,37,43,9,3,3,20,313,53,9,16,8,20,19,5,12,21,41,34,6,0,0,50,98,2,18,2,51,89,13,0,24,31,47,49,0
13,0,75,9,6,11,0,9,0,0,0,6,0,0,0,0,0,14,0,0,0,0,0,0,0,0,0,0,0,0,16,0,24,3,7,0,0,0,146,0,0,0,0,1,0,0,19,0,0,18,0
0,7,4,0,41,7,0,0,0,0,0,1,0,0,0,0,-3,0,0,0,0,22,0,56,0,0,18,0,0,0,3,0,21,0,0,293,0,0,0,0,33,0,0,1,17,0,19,0,0,4,0
0,0,47,1,19,4,0,0,0,0,0,0,8,0,0,0,0,6,0,0,30,0,0,0,0,3,0,0,0,0,9,0,56,0,3,0,0,0,4,0,0,0,0,0,0,0,0,0,0,0,0
0,0,5,0,11,15,0,0,0,0,0,3,0,0,0,0,0,0,0,0,8,0,0,0,0,1,0,14,0,0,4,0,27,0,0,0,0,0,32,0,0,0,0,0,0,0,0,0,0,0,0
1,1,1,2,168,50,-1,0,0,391,112,0,22,91,52,0,12,110,17,4,4,22,156,44,2,8,7,0,13,11,9,45,49,35,0,0,0,26,25,12,23,8,34,146,21,4,49,57,20,11,0
3,2,77,12,117,44,41,5,0,10,37,0,8,27,119,0,1,28,7,17,16,31,0,0,21,75,33,9,32,22,42,12,56,26,15,104,0,19,113,5,1,6,43,76,20,0,26,36,31,51,81
